"Personal Social Services Expenditure and Unit Cost - England and Councils with Adult Social Services Responsibilites tables, 2009-10: Activity Data (Final)",,,,,,,,,,,,,,,,,,,,,,,,,,,,,,,,,,,,,,,,,,,,,,,,,,,,,,,,,,,,,,,,,,,,,,,,,,,,,,,,,,,,,,,,,,,,,,,,,,,,,,,,,,,,,,,,,,,,,,,,,,,,,,,,,
,"ASSESSMENTS, REVIEWS AND SERVICES",,,,,,,,,,,,,,,,,,,,,,,,,,,,,,,SUPPORTED RESIDENTS,,,,,,,,,,,,,,,,,,,,,,,,,,,,,,,,,,,,,,,,,,,,,,,,,,,,,,,,,,PEOPLE IN SUPPORTED AND OTHER ACCOMMODATION,,,,,,,,,,,,HOME CARE,,,,,DAY CARE / DAY SERVICES,,,,,,,,,,,,"DIRECT PAYMENTS - Carers, caring for adults",,,,,,EQUIPMENT AND ADAPTATIONS,,,OTHER,
,"Overall total of existing clients with completed reviews (RAP A1 Page 1, Box 1)",Reviews completed between 1 April 2009 and 31 March 2010,,,,People with completed assessments in 2009-10,,,,,,People receiving services at 31 March 2010,,,,,,,,,,,,,,,,,,,,Numbers of people resident in residential or nursing care (both permanent and temporary) at 31st March excluding full cost paying residents and residents wholly funded under Section 256 [formerly Section 28a],,,,Number of weeks spent in residential and nursing care (both permanent and temporary) excluding full cost paying residents and residents wholly funded under Section 256 [formerly Section 28a] during the year,,,,,,,,,,,,,,,,,,Full cost paying residents: Number of weeks spent in LA residential homes (both permanent and temporary placements) by residents whose full costs are included under expenditure (and income),,,,Full cost paying residents: Number of weeks spent in residential homes provided by others (both permanent and temporary placements) by residents whose full costs are included under expenditure (and income),,,,Full cost paying residents: Number of weeks spent in nursing homes (both permanent and temporary placements) by residents whose full costs are included under expenditure (and income),,,,Residents wholly funded under Section 256 [formerly Section 28a] : Number of weeks spent in LA residential homes (both permanent and temporary placements),,,,Residents wholly funded under Section 256 : Number of weeks spent in residential homes provided by others (both permanent and temporary placements),,,,Residents wholly funded under Section 256 : Number of weeks spent in nursing homes (both permanent and temporary placements),,,,Number of weeks supported residents spent in residential and nursing care (both permanent and temporary):,,,,,,,,,,,,Number of supported weeks over year:,Supported living / group homes,,,Adult Placement settings (including for respite care),,,,Number of people supported during year through Community Support Services:,,,,Number of clients receiving homecare of more than 10 hours AND 6 or more visits per week,Actual hours of home care provided during the year:,,Number of people supported during the year with:,,Number of day care or day services clients per week on average during the year,,,,,,,,Numbers of clients supported during the year in day care or day services with a view to employment,,,,Carers receiving direct payments during year,,,,,,Numbers of clients who have received one or more prescriptions in the year  ,Telecare,,"Total number of meals per week, on average during the year:",
,,Number of completed reviews of clients aged 65 and over,Number of completed reviews of clients aged 18-64 with a Physical disability,Number of completed reviews of clients aged 18-64 with Mental health needs,Number of completed reviews of clients aged 18-64 with a Learning disability,"Physical disability, 18-64, completed assessments (RAP A7 Page 2, column 1, sum of rows 1-5)","Mental health, 18-64, completed assessments (RAP A7 Page 2, column 2, sum of rows 1-5)","Learning disability, 18-64, completed assessments (RAP A7 Page 2, column 3, sum of rows 1-5)","Substance misuse, 18-64, completed assessments (RAP A7 Page 2, column 4, sum of rows 1-5)","Other vulnerable people, 18-64, completed assessments (RAP A7 Page 2, column 5, sum of rows 1-5)","All clients aged 65 and over, completed assessments (RAP A7 Page 1, column 1, sum of rows 6-10)","Physical disability, 18-64, Home care (RAP P2s Page 1, column 2, row 1)","Physical disability, 18-64, Day care (RAP P2s Page 1, column 3, row 1)","Physical disability, 18-64, Existing / new Direct payments and Personal Budgets (RAP P2s Page 2, column 1, row 1)","Mental health, 18-64, Home care (RAP P2s Page 1, column 2, row 6)","Mental health, 18-64, Day care (RAP P2s Page 1, column 3, row 6)","Mental health, 18-64, Existing / new Direct payments and Personal Budgets (RAP P2s Page 2, column 1, row 6)","Learning disability, 18-64, Home care (RAP P2s Page 1, column 2, row 8)","Learning disability, 18-64, Day care (RAP P2s Page 1, column 3, row 8)","Learning disability, 18-64, Existing / new Direct payments and Personal Budgets (RAP P2s Page 2, column 1, row 8)","Total 18-64, Existing / new Direct payments and Personal Budgets (RAP P2s Page 2, column 1, row 11)","Total 65 and over, Home care (sum of RAP P2s Pages 3 and 5, column 2, row 11)","Total 65 and over, Day care (sum of RAP P2s Pages 3 and 5, column 3, row 11)","Total 65 and over, Meals (sum of RAP P2s Pages 3 and 5, column 4, row 11)","Total 65-74, Existing / new Direct payments and Personal Budgets (RAP P2s Page 4, column 1, row 11)","Total 75-84, Number of clients receiving Direct payments (RAP P2s Page 7, box 1)","Total 85 and over, Number of clients receiving Direct payments (RAP P2s Page 7, box 2)","Total all ages, Home care (sum of RAP P2s Pages 1, 3 and 5, column 2, row 11)","Total all ages, Day care (sum of RAP P2s Pages 1, 3 and 5, column 3, row 11)","Total all ages, Meals (sum of RAP P2s Pages 1, 3 and 5, column 4, row 11)","Total all ages, Existing / new Direct payments and Personal Budgets (sum of RAP P2s Pages 2, 4 and 6, column 1, row 11)",Residents aged 65 and over,Residents aged 18-64 with a Physical disability,Residents aged 18-64 with Mental Health needs,Residents aged 18-64 with a Learning disability,Residents aged 65 and over,of which:  Rehabilitation / Intermediate care,Respite Care,Short term care,Older People aged 65 or over with Mental health needs,,Older People Aged 65 or over with a Learning disability,,Residents aged 18-64 with a Physical disability,of which:  ,,,Residents aged 18-64 with Mental health needs,of which:,,Residents aged 18-64 with a Learning disability,of which:,,Residents aged 65 and over,Residents aged 18-64 with a Physical disability,Residents aged 18-64 with Mental health needs,Residents aged 18-64 with a Learning disability,Residents aged 65 and over,Residents aged 18-64 with a Physical disability,Residents aged 18-64 with Mental Health needs,Residents aged 18-64 with a Learning disability,Residents aged 65 and over,Residents aged 18-64 with a Physical disability,Residents aged 18-64 with Mental Health needs,Residents aged 18-64 with a Learning disability,Residents aged 65 and over,Residents aged 18-64 with a Physical disability,Residents aged 18-64 with Mental Health needs,Residents aged 18-64 with a Learning disability,Residents aged 65 and over,Residents aged 18-64 with a Physical disability,Residents aged 18-64 with Mental Health needs,Residents aged 18-64 with a Learning disability,Residents aged 65 and over,Residents aged 18-64 with a Physical disability,Residents aged 18-64 with Mental Health needs,Residents aged 18-64 with a Learning disability,Residents aged 65 and over in nursing placements,Residents aged 65 and over in own provision residential placements,Residents aged 65 and over in residential placements provided by others,Residents aged 18-64 with a Physical disability in nursing placements,Residents aged 18-64 with a Physical disability in own provision residential placements,Residents aged 18-64 with a Physical disability in residential placements provided by others,Residents aged 18-64 with Mental health needs in nursing placements,Residents aged 18-64 with Mental health needs in own provision residential placements,Residents aged 18-64 with Mental health needs in residential placements provided by others,Residents aged 18-64 with a Learning disability in nursing placements,Residents aged 18-64 with a Learning disability in own provision residential placements,Residents aged 18-64 with a Learning disability in residential placements provided by others,Older People in Extra Care Housing,People aged 18-64 with a Physical disability,People aged 18-64 with Mental health needs,People aged 18-64 with a Learning disability,People aged 65 and over,People aged 18-64 with a Physical disability,People aged 18-64 with Mental health needs,People aged 18-64 with a Learning disability,People aged 65 and over,People aged 18-64 with a Physical disability,People aged 18-64 with Mental health needs,People aged 18-64 with a Learning disability,,Provided by the council,Provided by the independent sector,Rehabilitation / re-enablement / intermediate care home care ,Live in Home Care,"Clients aged 65 and over, own provision","Clients aged 65 and over, provision by others","Clients aged 18-64 with a Physical disability, own provision","Clients aged 18-64 with a Physical disability, provision by others","Clients aged 18-64 with Mental health needs, own provision","Clients aged 18-64 with Mental health needs, provision by others","Clients aged 18-64 with a Learning disability, own provision","Clients aged 18-64 with a Learning disability, provision by others",People aged 18-64 with a Physical disability,People aged 18-64 with Mental Health needs,People aged 18-64 with a Learning disability,People aged 18-64 receiving other adult services,Young carers (aged 16-17),Carers aged 18-64,Carers aged 65-74,Carers aged 75-84,Carers aged 85 and over,Carers receiving direct payments at 31 March 2010,,"Numbers of clients newly provided in year with one or more telecare services (incl telecare maintenance) funded, at least in part, by the CASSR ","Numbers of clients at year end with one or more telecare services (incl telecare maintenance) funded, at least in part, by the CASSR ",provided by the independent sector,provided by LA
,,,,,,,,,,,,,,,,,,,,,,,,,,,,,,,,,,,,,,,,Number of weeks spent in residential care (both permanent and temporary) excluding full cost paying residents and residents wholly funded under Section 256 ,Number of weeks spent in nursing care (both permanent and temporary) excluding full cost paying residents and residents wholly funded under Section 256 ,Number of weeks spent in residential care (both permanent and temporary) excluding full cost paying residents and residents wholly funded under Section 256 ,Number of weeks spent in nursing care (both permanent and temporary) excluding full cost paying residents and residents wholly funded under Section 256 ,,Rehabilitation / Intermediate care,Respite Care,Short term care,, Respite Care,Short term care,, Respite Care,Short term care,,,,,,,,,,,,,,,,,,,,,,,,,,,,,,,,,,,,,,,,,,,,,,,,,,,,,,,,,,,,,,,,,,,,,,,,,,,,
,A1.1,A2.1,A2.2,A2.3,A2.4,A3.1,A3.2,A3.3,A3.4,A3.5,A3.6,A4.1,A4.2,A4.3,A4.4,A4.5,A4.6,A4.7,A4.8,A4.9,A4.10,A4.11,A4.12,A4.13,A4.14,A4.15,A4.16,A4.17,A4.18,A4.19,A4.20,B1,B2,B3,B4,C1,C1.1,C1.2,C1.3,C2.1,C2.2,C3.1,C3.2,C4,C4.1,C4.2,C4.3,C5,C5.2,C5.3,C6,C6.2,C6.3,C7.1,C7.2,C7.3,C7.4,C8.1,C8.2,C8.3,C8.4,C9.1,C9.2,C9.3,C9.4,C10.1,C10.2,C10.3,C10.4,C11.1,C11.2,C11.3,C11.4,C12.1,C12.2,C12.3,C12.4,D1.1,D1.2,D1.3,D1.4,D1.5,D1.6,D1.7,D1.8,D1.9,D1.10,D1.11,D1.12,E1,E2.1,E2.2,E2.3,E3.1,E3.2,E3.3,E3.4,E4.1,E4.2,E4.3,E4.4,F1.1,F2.1,F2.2,F3.1,F3.2,G1.1,G1.2,G1.3,G1.4,G1.5,G1.6,G1.7,G1.8,G2.1,G2.2,G2.3,G2.4,H3.1,H3.2,H3.3,H3.4,H3.5,H4,I1,I2.1,I2.2,J1.1,J1.2
102-Cumbria,"18,170","27,305","4,185","1,860","1,480",990,955,65,0,20,"5,190",350,170,425,130,355,70,430,710,245,745,"2,750","1,205",825,275,675,835,"3,665","2,450",875,"2,530","2,015",65,40,195,"105,740",..,..,..,"1,510",180,"1,740",310,"3,720",..,..,..,"2,030",..,..,"9,905",..,..,"15,495",0,0,0,"14,510",105,50,50,"8,370",155,50,0,0,0,0,0,210,0,"1,300",0,0,0,0,0,"27,870","31,825","46,045","1,835",180,"1,705",330,45,"1,655","1,455","1,590","6,865","8,350",95,0,360,0,0,0,-,..,..,..,..,"1,675","695,500","2,214,630",..,..,725,655,285,285,240,235,165,165,..,..,..,..,0,0,0,0,0,0,0,450,295,140,"2,750"
104-Northumberland UA,"12,355","9,005","1,300",870,"1,185",720,130,40,0,0,"3,945",275,45,305,75,310,15,200,365,70,390,"2,100",610,215,235,170,90,"2,650","1,330",215,890,"1,445",45,60,270,"71,160",0,0,"2,150","26,990","6,985","4,620",185,"2,175",0,0,120,"2,835",0,35,"14,325",0,410,75,0,0,0,"15,175",315,80,0,"4,240",50,50,0,0,0,0,0,0,0,0,0,0,0,0,0,"17,825","1,520","51,820",360,0,"1,815",225,0,"2,610",115,"1,175","13,035",..,..,..,..,365,0,45,"2,075",..,..,..,..,930,..,..,..,..,330,490,5,45,-,315,315,215,..,..,..,..,0,10,-,-,0,..,..,..,..,740,0
106-Gateshead,"4,670","8,400","1,510",505,860,390,55,25,25,50,"1,900",165,30,110,75,60,25,140,120,50,195,"1,230",150,385,20,25,15,"1,625",360,405,255,965,75,35,125,"53,960","4,415",870,"3,070","9,900","3,110",860,50,"2,875",55,270,415,"1,855",10,55,"7,440",195,425,0,0,0,0,0,0,0,0,0,0,0,0,0,0,0,0,695,0,0,"1,705",0,0,0,0,"14,505","4,575","34,875","1,085",85,"1,705",115,55,"1,680",290,40,"7,110","8,780",80,490,"3,415",50,0,0,230,..,..,..,..,565,"323,080","522,335",..,..,180,95,35,-,70,0,210,15,-,-,80,0,0,15,-,0,-,15,0,525,"8,050",0,"1,615"
107-Newcastle upon Tyne,"6,855","9,580","1,640","1,010","1,060",610,55,10,25,15,"2,385",330,70,280,90,45,35,550,245,210,525,"2,005",435,220,140,260,250,"2,975",795,255,"1,175","1,185",55,75,60,"65,225",..,825,"1,120","8,995","5,110",825,295,"2,960",..,70,45,"4,660",95,"1,330","3,325",340,60,0,0,0,0,0,0,0,0,0,0,0,0,0,0,0,0,0,0,530,600,420,0,730,0,"21,505","2,870","40,850","1,605",0,"1,355","2,430",715,"1,510",255,335,"2,735",..,0,0,0,0,0,0,485,"5,640","1,235",660,740,"1,000",..,..,0,0,50,395,10,65,10,30,185,60,..,..,..,..,0,195,30,15,10,..,0,920,"3,115",0,"1,195"
108-North Tyneside,"5,325","3,845",515,445,505,390,115,30,20,15,"2,150",145,35,110,10,105,20,20,210,55,185,"1,200",305,390,75,150,130,"1,375",655,405,540,890,40,30,175,"51,210",..,..,..,"10,535","7,225","1,320",60,"1,970",..,..,..,"1,165",..,..,"6,255",..,..,0,0,0,0,0,0,0,0,0,0,0,0,0,0,0,0,0,0,"1,500","3,270",0,0,0,25,"19,050","1,860","30,300",525,0,"1,445",200,0,970,40,"1,360","4,850",..,..,..,..,..,..,..,..,..,..,..,..,290,"139,075","377,635",..,..,60,330,0,35,25,90,60,180,..,..,..,..,0,5,-,-,-,..,..,..,..,0,"4,625"
109-South Tyneside,"5,275","8,120","1,230",345,560,455,220,30,10,55,"1,955",125,45,125,15,0,20,160,250,35,180,"1,275",315,45,45,35,25,"1,580",610,50,290,880,40,55,115,"45,450",..,..,..,..,..,..,..,"2,180",..,..,..,"3,365",..,..,"4,280",..,..,695,0,0,0,85,0,-,0,15,0,0,0,0,0,0,0,"1,155",0,"2,575",0,0,0,0,0,"12,635","4,675","28,140","1,270",90,820,665,30,"2,670","1,310",5,"2,965","3,310",50,5,"2,535",0,0,0,440,5,10,120,70,750,..,..,845,-,375,..,85,..,..,0,160,0,0,0,25,0,0,255,90,35,-,0,0,795,"4,755",130,125
110-Sunderland,"8,705","14,085","2,400",960,"1,330",970,140,70,190,0,"3,870",230,20,125,25,90,20,110,265,125,270,"1,615",225,385,105,155,115,"1,980",600,430,650,"1,175",35,30,75,"63,175","2,425","1,770",190,0,0,"1,310",50,"1,980",-,345,305,"1,685",60,140,"4,045",840,410,0,0,0,0,"1,110",0,0,0,185,5,0,0,155,50,0,"1,095","1,155",50,0,"3,105",50,0,0,0,"16,060","2,515","44,600","1,065",280,635,920,30,735,265,"1,020","2,760","1,090",0,"1,755","1,565",0,0,0,895,0,0,0,0,605,"112,200","785,310",120,..,80,220,25,-,105,-,260,25,..,..,..,..,0,20,5,10,10,..,0,905,"2,605",0,"2,005"
111-Hartlepool UA,"3,810","4,045",815,40,550,260,-,15,0,0,950,85,30,195,10,-,35,40,155,185,415,520,170,25,115,210,195,660,355,25,940,420,20,30,45,"21,865",675,210,"3,325",180,525,215,0,795,75,-,140,"1,735",-,295,"2,265",365,140,0,0,0,0,"5,795",55,50,0,710,0,0,0,0,0,0,0,515,0,0,710,0,0,50,-,"3,520",0,"18,345",105,0,685,660,0,"1,075",40,0,"2,225",65,-,0,10,0,0,0,0,..,..,..,..,250,"33,645","271,375",590,985,40,165,35,0,-,-,175,5,..,..,..,..,0,35,-,-,0,20,0,600,525,145,0
112-Middlesbrough UA,"4,690","3,625",765,"1,285",690,410,290,20,10,30,"1,165",125,45,125,40,55,30,155,220,150,315,665,295,0,55,75,30,995,615,0,475,605,40,55,115,"33,280",665,"1,000",705,"8,265","2,340",590,25,"2,450",65,100,195,"3,025",-,530,"5,995",255,70,0,0,0,0,"1,495",0,0,0,380,0,0,0,0,0,0,0,0,0,0,0,0,0,0,0,"5,865",725,"26,690",505,110,"1,835",720,475,"1,830",835,480,"4,680","2,175",0,0,0,0,0,0,50,10,-,15,65,360,"54,710","873,540",855,0,280,5,45,25,70,0,155,75,-,5,-,0,0,20,-,-,-,20,0,215,175,0,0
113-Redcar and Cleveland UA,"4,715","3,355",700,305,345,330,135,40,0,-,"1,270",110,25,145,20,30,25,70,160,140,310,950,340,20,55,50,30,"1,150",550,20,450,660,35,95,70,"35,740",330,"1,425",480,..,..,..,..,"2,000",0,120,125,"3,445",100,380,"5,165",200,110,0,0,0,0,0,0,0,0,0,0,0,0,0,0,0,0,0,0,0,0,0,0,0,0,"9,755","2,755","23,230",350,0,"1,655","1,400",0,"2,045",315,770,"4,080",..,..,..,..,..,..,..,..,..,..,..,..,500,"69,160","632,000",..,..,215,130,0,-,0,95,235,60,..,..,..,..,0,65,20,5,-,95,"2,890",195,305,85,0
114-Stockton-on-Tees UA,"5,935","6,540","1,460",320,610,610,120,30,0,25,"2,035",190,40,130,45,55,25,40,185,85,240,915,270,0,55,55,30,"1,200",545,0,380,880,25,55,145,"44,105",..,665,"3,775","10,770","3,295",160,0,"1,165",..,85,385,"2,260",265,445,"6,700",265,215,15,0,0,0,"3,325",0,0,0,"1,140",0,0,0,0,50,0,0,105,50,0,415,0,0,0,0,"10,170",905,"33,030",255,315,595,80,425,"1,750",280,580,"5,845",..,..,..,15,..,..,..,105,..,..,..,..,390,..,..,..,..,280,0,30,-,60,-,165,75,..,..,..,..,-,-,-,0,0,-,..,75,155,0,0
116-Durham UA,"15,875","10,970","1,695","1,395","1,550",840,"2,090",25,200,-,"3,820",510,295,220,75,230,50,185,890,320,595,"3,940","1,590",0,75,75,55,"4,710","3,010",0,800,..,..,..,..,"136,750",..,..,..,..,..,..,..,"5,305",..,..,..,"5,620",..,..,"16,780",..,..,"1,090",0,0,50,"3,115",0,0,0,625,0,0,0,0,0,0,0,0,0,0,0,0,0,0,0,"29,400","11,730","95,620","1,660",0,"3,645","1,415",0,"4,205",600,625,"15,560",..,..,..,..,..,..,..,..,..,..,..,..,"2,325","326,595","2,604,445",..,..,245,995,430,65,130,230,570,535,..,..,..,..,-,90,25,10,0,..,..,..,..,0,0
117-Darlington UA,"3,190","5,375","1,030",320,440,185,90,20,10,-,970,110,50,80,15,35,10,80,125,90,180,640,180,70,25,35,25,855,395,75,265,595,20,10,40,"29,175",..,..,..,..,..,..,..,"1,175",..,..,..,800,..,..,"2,345",..,..,0,0,0,0,0,0,0,0,0,0,0,0,0,0,0,0,50,0,0,310,0,0,0,0,"6,185",0,"22,990",375,0,805,430,0,370,90,205,"2,050",..,..,..,..,..,..,..,..,..,..,..,..,240,"85,180","422,440",..,..,10,160,0,40,0,-,110,25,..,..,..,..,0,15,-,-,-,..,..,..,..,160,0
204-Barnsley,"4,500","2,875",265,980,365,150,430,45,-,15,"1,310",160,30,120,25,25,60,300,200,130,315,"1,315",365,0,135,175,35,"1,810",595,0,880,..,..,..,..,"53,005",..,..,..,..,..,..,..,980,..,..,..,"3,750",..,..,"3,335",..,..,0,0,0,0,"1,530",0,0,0,370,0,0,0,0,0,0,0,0,0,0,0,0,0,0,0,"7,375","2,330","43,300",520,0,460,310,0,"3,440",415,0,"2,920",..,..,..,..,..,..,..,..,..,..,..,..,555,"308,035","691,115",..,..,185,180,10,20,25,0,200,0,..,..,..,..,0,95,85,145,85,..,..,..,..,0,0
205-Doncaster,"7,495","5,310",585,"1,060",540,195,465,45,0,15,"1,420",165,100,170,0,45,-,255,400,50,225,"1,480",495,0,45,120,85,"1,900","1,040",0,480,"1,065",60,15,115,"58,155",..,..,..,"16,170","4,670","1,275",70,"3,365",..,..,..,960,..,..,"10,040",..,..,"2,395",75,-,50,"8,235",150,30,105,"3,050",50,0,0,"3,015",0,0,0,0,0,0,0,0,0,0,0,"13,630","10,865","33,660","1,295",960,"1,110",300,-,655,155,"1,845","8,045",..,..,..,..,..,..,..,..,..,..,..,..,495,"242,470","818,735",..,..,590,130,90,30,-,50,460,160,..,..,..,..,0,55,5,20,10,0,0,..,..,0,0
206-Rotherham,"6,640","4,065",555,"1,330",680,225,385,50,-,-,"1,515",220,50,155,35,60,90,125,270,100,345,"1,680",260,0,35,60,65,"2,060",645,0,510,"1,075",30,45,155,"60,065","1,820",955,"1,370","14,740","5,480","14,740","5,480","2,030",..,90,165,"2,530",-,20,"8,630",910,..,650,0,0,0,"3,665",50,0,0,"1,665",0,25,0,"1,285",0,0,0,635,20,145,610,"1,165",200,205,820,"16,725","4,575","38,765","1,095",50,885,420,0,"2,105","2,025","1,560","5,045","5,980",830,515,"3,755",0,0,0,545,595,0,170,105,845,"268,785","612,455",200,-,380,95,0,40,165,35,360,15,0,0,60,0,0,20,10,-,-,10,0,"1,065","9,125",0,"1,875"
207-Sheffield,"12,890","8,180","1,250","2,395",975,760,"1,410",180,-,25,"4,560",375,125,375,95,655,15,415,420,310,705,"3,650",790,0,110,120,95,"4,545","1,990",0,"1,030","1,950",75,90,315,"114,990","2,420","6,680","1,060","15,165","5,065","1,435",685,"3,655",40,225,50,"5,905",285,-,"16,340",465,0,10,0,0,0,330,0,0,0,215,0,0,0,0,0,0,0,0,0,0,0,0,0,0,0,"36,395","3,130","75,465","2,610",0,"1,040",710,0,"5,195","2,540",170,"13,630","7,695",155,0,"8,025",295,120,120,"1,670",..,..,..,..,"1,660","729,265","1,535,910",..,..,185,525,180,10,0,160,395,115,-,0,115,0,0,40,20,10,5,55,0,..,..,0,0
209-Bradford,"11,245","11,505","1,215",645,940,780,730,105,10,20,"4,325",300,165,300,95,155,45,280,520,205,575,"2,740","1,020",705,195,395,340,"3,415","1,895",760,"1,500","1,640",115,125,240,"84,525",..,"1,250","7,100","12,630","3,335","1,380","1,165","5,490",..,170,415,"6,545",75,210,"12,420",-,105,125,0,0,0,"8,065",95,50,0,"1,725",35,0,0,0,0,0,0,0,0,0,0,0,0,0,0,"21,490","20,025","43,010","2,480",485,"2,525","2,915",0,"3,635","5,820",0,"6,600","17,575","5,095","17,370","23,555",105,0,0,"1,625","8,620","1,745","1,265","1,515",980,"621,525","1,196,070",215,"2,690",660,470,195,0,0,180,0,540,..,..,..,..,0,145,55,70,180,455,"9,230",105,160,0,"2,720"
210-Calderdale,"5,625","3,475",290,"1,540",295,225,15,45,-,25,"1,470",145,75,150,25,270,-,140,200,55,215,"1,135",550,265,35,45,35,"1,445","1,095",300,330,665,20,75,10,"36,245",..,"1,940",25,"4,490","1,790",780,210,"1,270",..,260,25,560,-,..,"4,210",565,..,140,0,0,0,"2,760",60,0,0,270,30,0,0,0,0,0,0,0,0,0,0,0,0,0,0,"10,005","1,620","24,615",975,0,290,295,0,265,"1,100",0,"3,105",..,..,"3,240","12,050",65,..,30,445,..,..,..,..,485,"202,215","652,260",175,..,295,150,-,65,250,0,140,150,-,-,20,0,0,-,-,0,0,-,0,250,925,0,"1,050"
211-Kirklees,"14,500","10,195","1,975","1,500",810,510,"1,200",20,5,25,"2,815",460,145,255,195,915,55,75,490,205,525,"1,995",685,0,130,240,175,"2,730","2,240",0,"1,075","1,180",70,40,220,"66,030",620,890,"1,205","14,850","5,030","2,340",535,"3,855",0,145,260,"2,135",5,105,"11,980",5,45,990,0,0,0,"8,915",45,50,10,"1,150",0,0,0,0,0,0,0,0,0,0,0,0,0,0,0,"19,110","4,505","42,415","1,305",0,"2,550",510,0,"1,625","1,480",0,"10,500",..,..,..,..,..,..,..,..,..,..,..,..,585,"336,040","786,580",..,..,390,620,60,130,175,"1,385",305,195,..,..,..,..,0,700,200,170,45,"1,005",..,..,..,0,0
212-Leeds,"14,690","19,840","2,735","1,260","2,405","1,760",75,90,20,65,"5,680",380,270,425,55,165,75,400,715,150,675,"2,925","1,665",900,320,575,720,"3,775","2,830",985,"2,285","2,635",120,135,210,"142,735",745,"2,765","4,150","32,950","13,430","2,180",290,"6,685",30,230,430,"7,460",15,85,"12,015",0,300,0,0,0,0,0,0,0,0,0,0,0,0,0,0,0,0,0,0,0,0,0,0,0,0,"49,915","27,275","65,545","3,310",245,"3,130","3,325",70,"4,065",660,"1,220","10,140","16,640",675,520,"17,110",590,55,395,35,"9,530","1,810","1,465","1,375","1,355","875,940","1,559,115",0,395,"1,495",105,260,10,155,5,755,20,0,0,0,0,0,260,80,30,5,375,"16,305",900,"2,600",265,"2,480"
213-Wakefield,"7,790","5,610",840,560,780,565,55,70,-,0,"2,790",120,35,225,15,100,30,225,340,80,330,"1,590",340,415,140,315,420,"1,945",815,445,"1,205","1,090",65,45,205,"63,980",350,"1,950","2,335",75,85,180,0,"3,635",0,65,295,"2,415",0,30,"11,580",545,35,0,0,0,0,0,0,0,0,0,0,0,0,0,0,0,0,0,0,0,0,0,0,0,0,"13,535","4,430","46,010",820,0,"2,815",200,0,"2,215",0,365,"11,210","7,455",50,105,"7,455",130,0,-,"1,525",30,0,0,0,785,"565,095","1,114,840",640,0,290,50,0,30,100,0,255,105,0,-,-,0,0,10,-,-,0,10,"3,795",550,"1,765","1,625",0
214-East Riding of Yorkshire UA,"9,650","6,830","1,180","1,900",780,765,855,40,20,0,"3,900",140,35,210,20,10,40,125,280,110,360,"1,205",300,0,75,130,125,"1,490",620,0,690,"1,720",65,95,320,"92,680",..,..,..,..,..,..,..,"4,070",..,..,..,"5,660",..,..,"21,805",..,..,515,0,0,0,"12,495",115,40,105,875,120,0,0,35,0,0,370,"1,070",230,-,350,"3,480",560,215,415,"9,865","3,295","79,520","1,125",0,"2,945",420,0,"5,235",655,"1,295","19,855",..,..,..,..,..,..,..,..,..,..,..,..,505,"70,535","703,605",..,..,265,140,50,10,5,-,370,75,..,..,..,..,0,530,270,245,55,"1,105","7,235","1,040","2,775",0,0
215-Kingston upon Hull UA,"6,725","6,710","1,575",305,620,925,100,45,85,-,"2,640",110,30,155,15,-,15,80,90,80,250,790,145,150,25,50,25,"1,095",295,190,350,"1,370",80,135,140,"76,270",240,"2,300","2,180","15,505",365,630,50,"4,110",75,230,375,"7,015",20,75,"7,955",835,215,75,0,0,0,"2,235",50,0,50,160,0,0,0,65,0,0,470,680,0,60,"1,810",560,195,0,85,"5,295","3,760","67,215","1,875",370,"1,870",625,0,"6,390",155,"1,315","6,485",..,..,..,..,50,100,0,"1,350","2,050",975,310,120,420,..,..,..,..,245,15,60,0,-,0,165,65,..,..,..,..,0,110,25,20,-,5,0,..,..,0,895
216-North East Lincolnshire UA,"6,620","4,835",625,745,405,220,875,40,0,5,955,220,35,125,20,40,35,70,150,70,230,"2,155",250,315,35,90,105,"2,470",440,325,455,..,..,..,..,"38,700",..,..,..,..,..,..,..,"1,360",..,..,..,"2,230",..,..,"6,920",..,..,0,0,0,0,0,0,0,0,0,0,0,0,0,0,0,0,0,0,0,0,0,0,0,0,"3,000","2,810","32,890",95,100,"1,165",340,10,"1,885","1,335",175,"5,405",..,..,..,..,..,..,..,..,..,..,..,..,710,..,..,..,..,280,10,25,30,-,-,190,10,..,..,..,..,0,140,40,95,50,..,..,..,..,0,"1,505"
217-North Lincolnshire UA,"4,515","4,970",645,"1,070",465,415,410,25,-,-,"2,040",85,20,80,10,-,30,45,155,60,175,610,245,290,85,170,210,750,425,300,640,710,30,40,55,"37,495",..,..,..,"1,570",965,525,50,"1,465",..,..,..,"2,575",..,..,"4,040",..,..,0,0,0,0,"2,825",0,0,0,215,15,0,0,5,0,0,0,25,0,0,305,85,0,0,0,"5,190","2,975","29,330",500,80,885,"1,330",50,"1,195",420,"1,215","2,410","1,080",..,..,..,..,..,..,..,..,..,..,..,270,"64,205",..,"1,135",0,255,20,20,10,35,-,150,5,..,..,..,..,0,25,-,-,-,25,..,..,..,505,690
218-North Yorkshire,"20,935","15,170","2,345","2,205","1,190",785,305,95,-,-,"4,320",695,170,580,105,105,55,470,705,280,925,"6,535","1,470",960,280,600,630,"7,820","2,450","1,005","2,435","2,080",70,55,260,"121,265",..,695,"8,960",..,..,..,..,"4,205",..,75,375,"3,345",30,..,"19,320",60,830,"3,910",0,0,5,820,0,0,0,0,0,0,0,0,0,0,0,105,0,0,0,30,0,0,0,"42,335","22,905","56,025","1,725",0,"2,480",635,0,"2,710","1,030",585,"17,710",..,..,..,"2,935",..,..,..,..,..,..,..,..,"1,470","757,950","2,269,775",..,..,..,..,..,..,..,..,..,..,..,..,..,..,5,760,330,195,50,"1,285","8,250",700,"1,470",..,..
219-York UA,"5,565","7,685","1,215",605,505,385,60,25,10,25,"1,400",125,25,90,20,95,-,155,135,75,180,810,100,-,20,40,55,"1,120",360,10,295,650,25,40,75,"34,345",190,"1,035",0,"4,740","2,395",790,0,"1,305",0,120,0,"2,160",0,0,"4,355",325,0,980,-,0,0,"1,050",0,0,0,"1,000",0,0,0,0,0,0,0,0,0,0,0,30,0,0,0,"12,755","12,805","8,785",680,80,545,235,25,"1,895",210,160,"3,985","7,175","1,245",50,"6,650",210,0,0,890,80,25,-,5,310,"56,100","112,945",480,-,85,145,25,0,80,0,130,95,40,-,95,80,0,320,130,95,35,10,..,285,635,0,30
304-Bolton,"7,285","3,355",880,525,75,920,525,75,15,15,"3,355",170,50,170,50,40,45,150,130,155,375,"1,360",305,790,140,270,370,"1,735",525,845,"1,155",..,..,..,..,"42,325",..,..,..,..,..,..,..,"1,385",..,..,..,"2,270",..,..,"3,540",..,..,210,0,0,0,200,0,0,0,50,0,0,0,0,0,0,0,0,0,0,0,0,0,0,0,"7,310","6,010","29,005",255,25,"1,110",815,210,"1,245",105,260,"3,180",..,..,..,..,..,..,..,..,..,..,..,..,400,"412,860","659,025",..,..,290,35,60,0,0,60,160,55,..,..,..,..,-,190,55,35,15,..,..,..,..,645,"3,295"
305-Bury,"4,995","4,455",500,660,360,445,250,95,710,40,"2,215",0,45,115,0,35,10,0,165,25,150,865,425,310,45,95,95,"1,190",675,325,385,655,25,75,60,"35,840",..,..,..,..,..,..,..,"1,365",..,..,..,"3,715",..,..,"3,420",..,..,"1,025",0,0,0,0,0,0,0,0,0,0,0,0,0,0,0,0,0,0,0,0,0,0,0,"6,895","4,580","24,360",515,0,855,595,0,"3,120",120,0,"3,300",..,..,..,..,..,..,..,..,..,..,..,..,380,"76,885","336,275",..,..,390,150,25,10,260,-,170,20,..,..,..,..,0,85,25,15,-,..,..,..,..,0,"1,995"
306-Manchester,"8,685","9,465",995,"1,245",965,635,40,125,645,0,"2,305",50,20,505,315,90,285,200,265,335,"1,155",285,100,365,490,955,910,860,480,460,"3,515","1,400",70,170,120,"80,670","4,775",..,..,"1,075",810,930,105,"3,200",295,..,..,"9,445",..,..,"6,865",..,..,..,..,..,..,..,..,..,..,..,..,..,..,..,..,..,..,..,..,..,..,..,..,..,..,"21,935","1,425","57,310","1,490",0,"1,715","2,795",0,"6,655",350,830,"5,680",..,..,..,..,..,..,..,..,..,..,..,..,330,..,..,"3,775",..,30,75,10,10,0,90,240,50,..,..,..,..,55,"1,655",335,190,35,0,0,840,"6,480","3,685","2,350"
307-Oldham,"5,935","3,575",850,"1,100",370,650,375,30,-,35,"1,900",205,35,530,40,150,215,130,105,410,"1,285","1,300",330,0,305,530,605,"1,685",625,0,"2,730",940,20,30,25,"54,010",0,"4,250","4,050","16,060","4,795",360,110,"1,190",0,50,360,"1,695",25,245,"1,300",0,-,645,5,0,0,"1,550",0,20,0,"4,200",0,0,0,0,0,0,0,0,0,0,0,350,35,50,0,"10,660","6,135","37,215",480,150,560,615,30,"1,050",410,-,885,"4,985",415,"5,615","3,850",50,0,55,"1,560","1,415",415,"1,270",485,435,"232,240","709,570","4,190",0,275,285,35,0,700,0,105,0,10,95,40,5,-,240,40,25,10,320,"6,565","1,650","5,500",0,0
308-Rochdale,"5,005","3,050",610,540,280,560,90,40,-,0,695,150,25,125,25,70,10,410,275,50,185,"1,070",205,200,40,30,-,"1,660",575,220,255,780,60,50,85,"46,610",..,635,650,130,140,"3,670",555,"3,425",..,55,90,"3,300",10,-,"8,580",260,0,0,0,0,0,0,0,0,0,0,0,0,0,0,0,0,0,0,0,0,0,0,0,0,0,"9,090","2,800","34,720","2,420",0,"1,005",710,0,"2,585",585,260,"7,735",..,..,..,..,..,..,..,..,..,..,..,..,315,"56,430","1,079,575",670,245,340,75,20,0,135,-,140,115,..,..,..,..,0,60,5,-,-,70,..,..,..,"1,370",0
309-Salford,"6,905","8,885",905,525,505,440,50,50,20,125,"1,725",210,40,215,340,30,35,360,325,330,590,"1,760",350,250,160,275,285,"2,690",750,280,"1,310",785,45,75,50,"44,620","3,120","1,495","1,305","8,125","2,560",625,110,"2,515",0,95,130,"3,915",20,110,"3,160",435,115,0,0,0,0,"6,390",55,0,0,"1,905",150,0,0,0,0,0,0,0,0,0,0,0,0,0,0,"11,640","1,945","31,035",820,0,"1,695",465,0,"3,445",655,430,"2,070","8,935","1,000",990,"12,790",105,160,-,"1,730",95,40,340,105,860,..,..,"1,150",0,275,70,20,20,30,-,290,35,10,90,70,..,0,35,5,-,-,0,..,870,"2,710",705,475
310-Stockport,"6,485","7,585",815,"1,455",480,505,"1,105",50,-,10,"2,970",135,40,185,105,235,80,230,190,130,390,"1,450",115,465,75,180,250,"1,930",345,485,895,945,40,30,165,"53,160","2,465",955,"1,845","6,105","2,075",530,50,"2,090",30,20,185,"1,635",-,945,"4,410",445,210,0,0,0,0,"2,080",5,0,45,730,50,0,0,0,0,0,0,0,0,0,0,0,0,0,0,"12,195",0,"40,965",840,0,"1,255",290,0,"1,345",55,500,"3,860","11,025","1,615","3,950","11,935",-,0,0,155,120,0,365,80,550,"192,275","895,795",545,0,20,240,0,35,0,150,15,295,0,130,90,0,0,65,20,25,30,120,430,175,380,"1,525",525
311-Tameside,"8,485","5,455","1,110","1,375",545,"1,315",0,70,0,0,"3,835",155,60,315,"1,475",55,20,210,210,340,680,"1,930",265,430,305,625,780,"3,770",680,460,"2,395",..,..,..,..,"48,280",..,..,..,..,..,..,..,"2,080",..,..,..,"1,995",..,..,"1,435",..,..,0,0,0,0,"6,785",0,0,0,"1,330",0,0,0,0,0,0,0,0,0,0,0,0,0,0,0,"12,590",0,"35,690","1,080",0,"1,000",690,0,"1,305",260,0,"1,175",..,..,..,..,..,..,..,..,..,..,..,..,575,"534,435","946,730",..,..,0,265,55,5,90,55,190,20,..,..,..,..,0,25,15,-,0,40,..,..,..,"2,070",545
312-Trafford,"6,640","4,390",630,815,450,600,325,35,-,375,"3,015",100,40,100,15,20,20,45,155,120,245,710,265,120,70,140,125,875,475,130,580,..,..,..,..,"38,375",..,..,..,..,..,..,..,"1,410",..,..,..,"1,740",..,..,"4,410",..,..,775,0,0,0,0,0,0,0,0,0,0,0,0,0,0,0,0,0,0,0,0,0,0,0,"14,880","4,120","19,375",620,0,790,135,0,"1,605",225,0,"4,185",..,..,..,..,..,..,..,..,..,..,..,..,450,"141,910","405,830",..,..,130,85,25,-,0,20,80,35,..,..,..,..,-,460,165,105,20,..,..,..,..,915,0
313-Wigan,"7,490","8,890","1,385","1,260",710,625,640,35,20,-,"2,445",195,80,230,115,195,45,315,375,155,430,"1,375",465,565,115,220,195,"1,995","1,120",610,965,950,45,45,115,"53,355",370,890,"2,240","18,045","6,405",300,105,"2,630",..,15,90,"2,515",-,10,"2,910",685,110,725,0,0,50,"3,280",0,50,0,"1,085",65,0,0,0,0,0,0,0,0,0,0,0,0,0,0,"13,970","1,050","38,335","1,175",0,"1,460",965,-,"1,545",200,"1,510","1,205",..,..,..,..,..,..,..,..,..,..,..,..,715,..,..,..,..,460,15,105,5,40,150,245,95,..,..,..,..,..,360,105,55,-,40,..,670,955,"4,645",0
315-Knowsley,"4,505","7,355",660,180,445,455,70,40,40,0,"1,765",165,40,110,75,220,10,235,305,105,230,970,205,50,50,95,50,"1,450",770,50,420,760,45,35,170,"39,030",..,..,..,..,..,..,..,"2,490",..,..,..,"3,260",..,..,"3,920",..,..,0,0,0,0,0,0,0,0,0,0,0,0,0,0,0,0,0,0,0,0,0,0,0,0,"14,080",0,"24,955","1,030",0,"1,455","1,250",0,"2,010",500,480,"2,940",..,..,..,..,..,..,..,..,..,..,..,..,675,"123,895","1,454,135",..,..,230,120,35,10,0,220,225,115,..,..,..,..,0,55,-,5,0,50,..,..,..,0,300
316-Liverpool,"12,400","8,460","1,925",610,"1,135","1,385",310,150,130,55,"5,895",285,50,245,35,295,55,40,825,225,530,"2,925",470,110,85,100,90,"3,290","1,645",120,805,"1,955",180,255,200,"92,955",..,..,..,..,..,..,..,"8,485",..,..,..,"12,660",..,..,"13,000",..,..,85,0,0,0,0,0,0,0,-,0,0,0,0,0,0,0,0,0,0,0,0,0,0,0,"31,750","3,010","58,195","1,825",0,"6,655","6,415",0,"6,245",935,570,"11,490",..,..,..,..,..,..,..,..,..,..,..,..,"1,170","312,700","853,880",..,..,300,85,80,95,340,310,440,"1,165",..,..,..,..,-,375,95,55,55,..,..,..,..,980,0
317-Sefton,"9,265","9,820",715,635,"1,580",470,35,10,10,5,"1,885",150,95,150,100,15,30,310,245,175,365,"1,055",545,455,60,50,60,"1,625",900,480,535,"1,495",115,100,135,"80,000",525,"2,025","1,130","13,915","9,875","2,640",390,"6,245",0,85,200,"5,285",65,30,"7,585",570,115,0,0,0,0,0,0,0,0,0,0,0,0,0,0,0,0,0,0,0,0,0,0,0,0,"29,895",0,"50,105","3,830",0,"2,415","2,650",0,"2,640",890,0,"6,695",..,0,0,0,0,0,0,50,..,..,..,..,915,0,"1,283,005","4,225",0,0,480,0,105,0,15,0,270,0,0,0,0,0,100,20,15,0,80,0,795,"1,545","3,265",0
318-St. Helens,"6,635","1,700",715,280,290,300,35,20,0,315,"1,835",90,40,145,20,90,5,50,150,85,235,935,245,400,35,65,55,"1,095",525,400,390,600,40,45,25,"35,185",..,"1,315",..,..,..,..,..,"1,825",..,..,..,"1,755",255,..,"1,915",135,..,110,0,0,0,0,0,0,0,0,50,50,0,0,0,0,0,0,0,0,0,0,0,0,0,"12,460","3,325","19,395",640,0,"1,185",865,0,890,160,0,"1,755",..,..,..,..,..,..,..,..,..,..,..,..,450,"74,905","563,210",..,..,245,10,40,0,..,0,125,60,..,..,..,..,0,-,-,0,0,5,..,..,..,0,"1,770"
319-Wirral,"7,755","9,415","1,025","1,470",810,630,620,55,10,90,"3,475",195,40,115,130,135,10,315,265,60,195,"1,235",190,565,35,25,25,"1,890",635,605,280,"1,470",85,110,210,"63,775",0,"1,175","1,220","5,255","3,760","1,685",440,"4,065",15,115,135,"4,750",10,305,"10,500",710,90,135,5,0,10,"5,290",35,0,0,"3,725",175,0,0,0,0,0,0,155,0,50,400,"6,410",615,330,105,"26,110","2,245","35,420","1,070",415,"2,580",535,400,"3,815",665,"2,400","7,440","1,775","1,065","5,400","12,495",155,105,0,680,330,100,930,30,800,..,..,"1,860",0,60,190,70,10,185,10,460,40,10,15,25,0,0,135,20,10,-,55,"2,130",855,"1,500","3,145",0
327-Cheshire West and Chester,"6,180","5,950",560,"1,475",615,425,405,160,-,10,"3,490",175,30,135,230,235,45,335,385,75,260,"1,870",405,385,65,75,75,"2,615","1,055",400,475,"1,335",40,65,160,"62,615",..,..,..,"18,520","14,565",255,55,"2,630",..,..,..,"2,750",..,..,"7,590",..,..,60,0,-,0,"3,770",115,50,0,"2,615",130,0,15,0,0,0,0,0,0,0,0,0,0,0,0,"27,350","4,335","30,925","1,420",95,"1,115","1,175",25,"1,550",480,665,"6,445","7,080",0,0,0,60,25,0,"1,065",0,0,0,0,865,"696,330","1,058,615",705,..,375,15,30,10,255,-,365,65,-,0,40,0,0,30,-,5,-,35,"2,755","1,150","7,305","1,790",0
326-Cheshire East UA,"6,105","6,230",475,"1,555",550,480,490,70,-,10,"3,995",115,40,240,240,185,190,295,325,140,575,"1,315",405,390,130,195,230,"1,975",960,410,"1,130",..,..,..,..,"72,445",..,..,..,..,..,..,..,"2,505",..,..,..,"3,360",..,..,"8,345",..,..,"1,470",10,5,0,"2,065",75,80,25,"2,105",15,35,55,0,0,0,0,20,0,0,0,30,0,0,0,"33,470","4,885","34,090","1,800",90,615,875,15,"2,470","1,500",770,"6,075",..,..,..,..,..,..,..,..,..,..,..,..,510,..,..,..,..,435,30,40,-,200,10,320,45,..,..,..,..,0,50,15,15,-,..,..,..,..,"2,225",0
321-Halton UA,"3,975","2,765",530,330,340,300,55,30,0,10,"1,070",65,25,90,80,55,30,65,140,120,240,490,135,230,20,10,10,705,350,250,280,235,5,25,25,"14,460",950,"1,595","1,915","2,920",415,145,0,835,20,405,65,"1,390",45,135,"1,570",285,-,140,0,0,-,"1,615",0,0,0,495,0,0,0,0,0,0,0,0,0,0,0,0,0,0,0,"2,070","1,405","10,990",245,360,230,260,15,"1,115",205,-,"1,365",..,..,..,..,0,0,0,0,..,..,..,..,260,"71,150","229,675",..,..,170,10,30,0,-,35,185,35,..,..,..,..,0,465,115,50,5,650,0,570,..,0,"1,595"
322-Warrington UA,"5,685","4,035",740,540,325,495,335,30,15,20,"1,755",115,50,180,50,5,5,160,160,140,335,650,355,75,125,205,215,980,570,80,880,..,..,..,..,"41,040",..,..,..,..,..,..,..,"1,055",..,..,..,"1,885",..,..,"2,815",..,..,105,0,0,0,"4,085",0,90,0,"2,455",0,0,0,0,0,0,0,0,0,0,0,0,0,0,0,"18,550","2,720","19,770",450,0,605,430,0,"1,455",890,475,"1,450",..,..,..,..,..,..,..,..,..,..,..,..,385,"102,515","902,415",..,..,140,0,35,10,-,0,135,60,..,..,..,..,-,-,-,0,0,..,..,..,..,195,220
323-Lancashire,"29,315","35,030","5,510","3,120","2,470","1,330",565,200,305,115,"9,465","1,300",365,765,455,295,345,"1,310",920,580,"1,735","7,890","2,375","1,350",310,415,370,"11,075","3,985","1,495","2,825","4,750",230,275,335,"252,440","5,385","6,265","8,310","38,250","12,780","3,685",280,"11,780",185,425,"1,350","14,055",40,330,"18,090",860,465,0,0,0,0,0,0,0,0,0,0,0,0,0,0,0,0,0,0,0,0,0,0,0,0,"47,295","24,735","180,415","4,450",205,"7,125","4,095",55,"9,905",535,"1,080","16,475",..,..,..,..,"1,500",150,50,"6,645",..,..,..,..,"5,080","493,920","10,591,325","3,870",..,"1,470",805,300,45,0,215,625,285,..,..,..,..,-,220,75,70,40,345,"1,725",955,"1,300","7,440",0
324-Blackburn with Darwen UA,"2,815","3,805",570,115,275,360,40,20,15,15,"1,240",85,25,125,135,-,10,75,85,80,220,570,165,170,70,80,65,870,285,195,435,585,45,35,30,"31,685",515,615,"1,860","4,780","1,450",415,0,"2,000",45,60,315,"1,670",0,85,"1,790",100,-,775,0,0,0,0,0,0,0,0,0,0,0,0,0,0,0,0,0,0,0,0,0,0,0,"3,510","4,405","23,770",535,95,"1,375",455,5,"1,205",125,100,"1,565",..,..,..,..,..,..,..,..,..,..,..,..,135,..,..,..,..,85,90,25,-,10,-,85,10,..,..,..,..,0,0,0,0,0,..,..,..,..,"1,140",0
325-Blackpool UA,"3,510","4,715",405,695,335,140,50,30,5,85,"1,275",145,15,105,95,25,-,50,70,45,165,"1,015",345,300,65,120,80,"1,335",460,325,430,795,40,60,60,"44,245","1,150","1,955","3,240","13,815","1,640",530,0,"1,860",0,80,295,"3,495",40,540,"1,995",190,55,0,0,0,0,0,0,0,0,0,0,0,0,0,0,0,0,0,0,0,0,0,0,0,0,"6,655","1,960","35,635",480,0,"1,385",435,590,"2,470",45,180,"1,770",0,..,0,..,15,0,0,315,-,10,145,-,405,"75,550","785,760",300,0,215,140,0,10,0,105,50,25,..,..,..,..,0,30,-,-,0,5,0,510,745,"2,495",0
404-Warwickshire,"10,990","7,665","1,230","1,325",770,855,505,135,-,0,"3,940",240,135,320,15,0,25,290,485,90,430,"2,370",610,490,115,150,180,"2,915","1,235",525,875,"1,325",60,70,280,"75,835",0,"2,320","1,150","15,700",340,"1,615",105,"3,115",0,200,270,"3,805",-,85,"15,475",700,200,0,0,0,0,"4,160",45,15,135,"1,795",0,0,135,0,0,0,0,0,0,0,0,0,0,0,0,"20,340","14,220","41,275",590,105,"2,420","1,205",0,"2,600",50,-,"15,425",5,65,105,"2,015",0,0,0,0,"7,935","1,455","3,025",790,"1,105","304,375","2,294,810","2,495",70,455,510,80,75,0,195,380,150,0,-,60,0,-,310,150,105,30,280,"3,505",505,390,"4,810",0
406-Birmingham,"20,205","19,475","3,310","2,825","3,620","2,965","3,060",340,140,555,"10,605",490,210,435,65,220,45,400,645,205,690,"3,285",545,845,370,700,685,"4,275","1,640",905,"2,450","3,190",200,235,840,"172,675",0,"2,320","2,130","27,415","18,365","6,705",685,"10,680",0,750,240,"12,355",400,30,"41,180","1,295","1,170","2,895",0,0,0,"9,145",10,25,735,"6,280",150,0,30,0,0,0,0,0,0,0,0,0,0,0,0,"67,460","27,695","77,515","4,675",395,"5,610","2,970",55,"9,335","1,685","3,200","36,295",0,0,0,0,0,0,0,0,0,0,0,0,"1,970","535,900","3,668,430",0,0,445,100,130,85,220,-,485,160,250,260,775,15,-,"2,190",505,270,75,0,0,0,0,0,"5,810"
407-Coventry,"6,445","4,530",600,710,605,510,165,30,..,..,"2,145",115,0,145,70,90,25,245,255,435,605,"1,675",380,265,150,285,430,"2,100",725,275,"1,465",..,..,..,..,"48,655",..,..,..,..,..,..,..,720,..,..,..,"1,705",..,..,"8,835",..,..,0,0,0,0,0,0,0,0,0,0,0,0,0,0,0,0,0,0,0,0,0,0,0,0,"10,615","3,305","34,740",380,0,345,390,0,"1,310",660,575,"7,595",..,..,..,..,..,..,..,..,..,..,..,..,820,"506,385","1,365,655",..,..,245,135,0,0,90,0,245,45,..,..,..,..,0,50,10,10,-,..,..,..,..,0,"1,525"
408-Dudley,"9,285","11,715","1,850",320,790,640,140,40,0,170,"3,175",135,65,290,25,0,15,95,415,100,415,"1,360",350,0,190,325,350,"1,620",850,0,"1,280","1,130",50,60,155,"57,985",110,"2,105",670,"12,995","2,375","2,165",105,"2,430",50,115,35,"3,545",0,0,"8,180",130,560,830,0,0,0,0,0,0,0,0,0,0,0,0,0,0,0,470,50,155,"3,430",0,105,0,105,"9,110","8,050","40,825",915,0,"1,510","1,405",0,"2,135",260,0,"7,920",0,0,0,0,55,0,0,"1,055",0,0,0,0,515,"409,220","462,105",905,0,330,60,55,5,0,0,360,85,0,0,0,0,0,345,55,25,10,205,0,0,0,0,0
409-Sandwell,"8,595","8,350","1,325",750,635,"1,000",905,10,-,45,"3,720",185,50,140,20,30,25,200,280,75,255,"1,745",420,315,55,60,55,"2,155",780,330,425,"1,230",50,90,190,"64,135",..,"1,350","2,335","8,630","3,365","1,675",685,"2,125",-,95,185,"3,540",10,45,"10,375",555,-,310,0,0,0,0,0,0,0,0,0,0,0,0,0,0,0,0,0,0,0,0,0,0,0,"24,535","5,465","34,135","1,295",0,830,735,0,"2,800","2,260",630,"7,480","12,845",415,..,"7,325",0,0,0,355,..,..,..,..,960,..,..,900,65,190,305,30,25,100,55,170,190,..,..,..,..,0,475,135,90,55,..,..,370,..,840,"1,395"
410-Solihull,"5,000","6,245",505,165,355,210,10,45,-,10,"1,615",120,50,95,40,170,20,90,145,70,185,"1,070",425,0,30,40,45,"1,320",790,0,300,545,20,20,155,"29,995",910,475,0,"4,680","2,255","7,560",25,"1,140",15,65,15,815,0,50,"8,770",105,75,160,0,0,0,"1,170",0,0,0,230,0,0,0,0,0,0,0,0,0,0,50,0,0,0,105,"10,850","1,745","17,395",520,5,615,105,0,710,180,"1,720","6,870",315,..,..,..,0,0,0,105,0,0,0,0,490,"55,335","608,845",510,0,835,990,220,40,320,-,"1,920",210,40,0,55,0,-,235,90,90,25,130,0,515,"1,835",0,0
411-Walsall,"6,045","9,270",560,"1,055",470,610,145,45,-,10,"3,120",220,115,40,20,10,5,185,255,30,80,"2,050",545,450,60,115,130,"2,480",920,485,385,945,40,85,175,"55,385","1,150","1,580",220,"4,535","2,855","1,285",185,"2,690",0,305,110,"4,905",120,0,"12,555",0,495,0,0,0,0,5,0,0,0,0,0,0,0,0,0,0,0,0,0,0,0,0,0,0,0,"20,725",0,"34,660","1,050",715,925,"1,910",460,"2,540",410,695,"11,455","10,660",0,0,"12,350",0,415,50,800,0,0,0,0,505,"151,475","809,890",460,0,395,525,130,85,70,285,420,270,0,0,35,0,0,170,25,20,5,235,"2,610","1,680","8,500","1,845",0
412-Wolverhampton,"4,605","4,875",470,275,355,280,145,45,15,30,"1,935",135,120,155,75,85,20,135,245,65,245,"1,035",755,575,60,110,90,"1,385","1,205",620,505,765,35,85,130,"49,105","1,905","3,055","1,885","6,470","1,840",605,285,"2,265",65,35,150,"4,630",15,135,"7,925",550,150,680,0,0,0,"6,165",50,25,0,"1,695",0,0,0,0,0,0,0,505,0,0,"1,080",155,0,0,65,"12,310","7,705","29,090","1,140",135,990,"3,175",10,"1,445","1,480","1,630","4,820","11,995",0,0,0,50,0,140,250,0,0,0,0,545,"75,265","870,105",0,0,425,500,90,45,150,20,245,50,0,0,0,0,0,295,100,50,10,20,0,0,0,"1,525","2,900"
413-Staffordshire,"22,330","16,980","3,115","1,050","1,230","1,300",315,125,230,135,"7,630",475,170,780,55,110,170,230,820,290,"1,265","3,960","1,480","1,900",250,340,275,"4,730","2,590","2,030","2,130","2,410",70,105,450,"106,165",..,..,..,..,..,..,..,"3,550",..,..,..,"5,415",..,..,"23,115",..,..,0,0,0,0,0,0,0,0,0,0,0,0,0,0,0,0,0,0,0,0,0,0,0,0,"38,980","6,330","60,860","1,390",85,"2,070","2,685",0,"2,730","1,625","4,930","16,560",..,..,..,..,..,..,..,..,..,..,..,..,"1,375",..,..,..,..,560,870,105,50,70,15,615,190,..,..,..,..,0,575,220,155,50,"1,030",..,..,"1,090","8,550",0
414-Stoke-on-Trent UA,"7,580","4,820",905,"1,370",405,700,"1,395",60,65,45,"2,715",130,110,190,20,15,40,130,280,55,290,"1,250",525,490,60,45,20,"1,530",930,535,410,"1,085",55,40,230,"55,600","2,845",..,..,945,..,..,..,"3,575",..,..,..,"2,370",..,..,"12,580",..,..,385,0,0,0,0,0,0,0,0,0,0,0,0,0,0,270,140,0,650,155,175,0,990,0,"19,165","8,285","28,150","1,340",0,"2,235",565,0,"1,805",930,870,"10,780","5,635",..,..,"3,940",0,0,0,155,..,..,..,..,630,"156,625","976,410",..,..,460,140,45,0,0,0,340,45,0,0,80,0,0,325,120,40,5,450,0,950,"1,280",0,"1,425"
415-Herefordshire UA,"5,240","3,910",790,140,400,470,85,25,0,430,"2,005",150,75,110,20,270,5,55,210,110,225,825,410,325,45,35,30,"1,055",965,355,330,675,30,55,30,"34,785","1,090",480,"2,140","6,320","3,640","1,230",210,"1,460",..,55,..,"2,650",235,..,"7,075",215,..,0,0,0,0,0,0,0,0,0,0,0,0,0,0,0,0,0,0,0,0,0,0,0,0,"12,625",0,"22,160",325,0,"1,135",725,0,"1,930",70,0,"7,005",..,..,..,..,..,..,..,..,..,..,..,..,445,"7,255","601,485",..,..,50,435,45,50,0,295,230,110,..,..,..,..,0,15,-,-,0,15,..,..,..,"2,000",0
416-Worcestershire,"14,730","22,120","2,275","1,530","1,705",425,205,115,-,15,"3,740",315,150,185,50,55,15,270,475,110,310,"2,090",755,945,75,75,65,"2,725","1,435",990,525,"1,790",65,360,65,"101,985","6,590","2,555",..,"10,735","4,995",215,"2,765","3,405",..,260,..,"3,740",-,..,"25,160","2,475",..,0,0,0,0,0,0,0,0,0,0,0,0,0,0,0,0,0,0,0,980,0,0,0,315,"39,745","3,845","58,395","1,915",0,"1,490","1,215",0,"2,525","1,375","1,840","21,950",..,..,"1,025","11,815","1,175",220,320,"3,645",0,..,0,0,960,"353,640","919,755",..,..,120,625,255,0,30,100,460,65,65,50,115,320,0,720,290,135,35,..,..,925,..,"5,015",0
417-Shropshire UA,"11,500","11,660","1,290","1,260",785,430,45,775,550,-,"1,805",130,70,215,75,70,55,190,340,90,365,850,410,840,150,235,245,"1,250",890,910,"1,000","1,170",45,45,170,"60,800",0,130,"3,870","12,395","4,690","1,680",260,"2,155",0,-,345,"2,435",15,415,"10,070",105,"1,010",50,0,0,0,55,0,0,0,725,110,570,0,0,0,0,0,0,0,0,0,0,0,0,0,"18,165","2,735","39,900",830,0,"1,320",340,0,"2,095",145,"1,555","8,370","1,085",0,0,"2,410",200,0,"1,210",0,0,0,0,0,535,..,..,605,10,170,135,30,40,70,0,380,5,0,0,0,0,0,280,100,145,125,650,"1,810",5,25,"1,990",310
418-Telford and the Wrekin UA,"4,730","5,360",870,390,300,415,330,20,0,0,"1,645",110,30,100,25,15,25,60,175,45,170,860,160,320,45,60,60,"1,055",385,340,330,460,20,25,70,"24,325",635,"1,355",355,"5,435","1,440",315,0,"1,030",0,140,30,"1,480",-,0,"4,270",340,0,0,0,0,0,0,0,0,0,0,0,0,0,0,0,0,315,405,0,455,"1,730","6,750","1,280",180,315,"8,670",105,"15,550",875,0,160,55,0,"1,425",185,"1,060","3,025",0,0,0,0,0,0,245,"1,685",0,0,0,0,360,"121,915","566,585",900,15,5,150,45,35,20,-,160,15,40,10,105,0,0,0,0,0,0,0,"3,150",400,"1,115",170,820
503-Lincolnshire,"13,040","8,555","1,365","1,525","1,515","2,060","1,490",230,..,220,"10,045",450,150,360,70,90,85,515,500,200,680,"3,885",790,170,115,130,130,"4,940","1,535",185,"1,055",..,..,..,..,"170,170",..,..,..,..,..,..,..,"8,115",..,..,..,"9,150",..,..,"24,045",..,..,0,0,0,0,0,0,0,0,0,0,0,0,0,0,0,0,0,0,0,0,0,0,0,0,"42,795","8,010","119,365","3,670",0,"4,445","3,345",0,"5,805","5,085",0,"18,960",..,..,..,..,..,..,..,..,..,..,..,..,"1,190","530,300","2,379,560",..,..,340,240,190,35,0,75,440,115,..,..,..,..,-,"1,215",480,315,0,..,..,..,..,70,450
504-Northamptonshire,"13,555","24,080","3,850","2,980","2,075","1,250",90,90,-,15,"6,895",275,210,445,685,20,145,235,555,420,"1,015","2,045",185,700,170,270,380,"3,240",965,750,"1,835","2,315",130,70,475,"119,070","10,100","4,640",165,"33,275","10,640",110,50,"6,755",35,15,30,"7,490",-,30,"24,320",70,205,400,0,0,85,"1,940",0,0,10,235,0,0,0,0,0,0,-,0,155,415,490,105,50,0,0,"23,355","19,300","76,415","2,100",705,"3,945","2,170","1,190","4,125",555,"1,635","22,130",..,..,..,..,..,..,..,..,..,..,..,..,855,..,..,..,..,195,510,160,95,0,140,400,245,..,..,..,..,-,230,65,40,5,..,..,..,..,185,"3,110"
506-Derbyshire,"21,470","53,725","5,380","1,850","1,815","1,600",150,125,20,45,"8,690",865,220,475,115,75,60,490,690,170,710,"7,420","1,415","3,040",190,235,195,"8,890","2,405","3,275","1,335","2,615",105,95,390,"131,325",80,"3,685",970,"17,415","4,915","3,930","1,835","3,655",0,145,15,"4,585",55,40,"23,195",980,365,"10,125",0,0,15,"8,675",95,170,65,"3,845",50,0,0,735,0,0,40,890,150,375,"1,545","3,310",90,310,405,"33,760","26,960","70,605","2,000",0,"1,655","1,060",0,"3,525","4,395","1,580","17,220","7,570",925,"1,050","9,655",110,260,10,"2,125","15,780","2,600","3,025","1,260","2,685","1,610,375","2,163,095","2,340",15,"1,540",500,0,365,0,100,600,285,-,-,125,-,0,35,15,5,-,30,"8,625","2,140","2,445","18,275",0
507-Derby UA,"7,370","5,010","1,185",625,485,570,90,-,-,50,"1,995",185,105,245,60,25,30,135,195,35,310,"1,305",315,270,120,245,215,"1,695",645,280,895,985,60,105,145,"50,650",..,..,..,"6,430","4,080","1,475",575,"2,530",..,..,..,"4,595",..,..,"7,295",..,..,0,0,0,0,0,0,0,0,0,0,0,0,0,0,0,0,105,0,50,155,505,105,155,55,"19,590","12,235","18,820","1,015",0,"1,515",735,0,"3,860",900,540,"5,855",..,..,..,..,..,..,..,..,230,260,580,235,500,"195,320","613,705",480,..,260,140,0,115,10,40,175,0,0,0,0,0,0,50,25,20,-,95,"2,740",495,600,"1,495",0
508-Leicestershire,"13,285","10,445","1,565",440,"1,020",825,145,85,10,15,"4,600",400,160,375,100,255,115,220,535,160,650,"4,305","1,070",815,165,210,200,"5,040","2,020",860,"1,230",..,..,..,..,"98,360",..,..,..,..,..,..,..,"3,115",..,..,..,"4,130",..,..,"22,325",..,..,"4,590",0,-,-,"11,690",50,95,730,"1,810",0,15,25,0,0,0,0,0,0,0,0,0,0,0,0,"16,735","14,825","66,795",860,0,"2,260",130,695,"3,305",240,"1,870","20,215",..,..,..,..,..,..,..,..,..,..,..,..,"1,620","209,550","1,863,375",..,..,460,715,75,110,295,205,540,205,..,..,..,..,0,165,60,45,10,210,..,..,..,"4,980",0
509-Leicester UA,"6,580","5,825","1,130","1,290","1,170",945,180,85,30,15,"2,860",360,145,215,85,130,45,100,375,145,405,"1,910",680,710,65,105,95,"2,465","1,335",860,670,980,50,185,275,"51,750","1,120","1,495","1,540","21,295","3,665","2,750",210,"2,495",40,205,595,"9,550",95,270,"13,205",280,400,"2,680",0,0,0,855,50,50,55,240,-,0,0,0,0,0,0,50,0,0,365,0,0,0,0,"7,130","11,310","33,310",425,120,"1,950",305,65,"9,180",365,355,"12,480","1,905","1,000",920,"8,915",300,0,0,"1,325",0,0,0,0,735,"121,845","777,995",245,0,135,735,90,80,145,35,345,40,..,..,..,..,0,315,70,50,10,445,0,845,"4,355","1,505","3,365"
510-Rutland UA,975,965,130,45,60,125,-,5,0,0,585,-,-,15,-,0,-,30,25,15,35,190,45,35,15,60,80,230,75,35,185,..,..,..,..,"5,790",..,..,..,..,..,..,..,55,..,..,..,160,..,..,860,..,..,0,0,0,0,650,0,0,0,20,0,0,0,0,0,0,0,0,0,0,0,0,0,0,0,725,0,"5,065",0,0,55,-,0,160,50,0,810,..,..,..,..,..,..,..,..,..,..,..,..,55,"20,225","48,370",..,..,0,25,0,-,0,0,20,5,..,..,..,..,..,20,10,5,5,40,..,..,..,0,165
511-Nottinghamshire,"26,155","46,095","7,640","3,685","1,730","1,185",345,115,10,140,"6,890",355,365,670,50,495,35,520,720,205,940,"3,455","1,125","1,730",265,480,490,"4,420","2,745","1,835","2,180","2,910",125,95,545,"158,960","3,005","1,535","9,090","36,645","10,750","5,750",575,"6,635",0,55,635,"4,785",25,180,"29,850",350,"2,025","4,965",0,0,60,"7,660",120,5,0,20,0,50,0,0,0,0,0,230,275,405,"6,440",265,245,185,745,"31,880","26,825","100,255","2,995",0,"3,640",905,0,"3,880","1,625","3,355","24,870","6,340","1,000",680,"27,000",105,0,0,"1,705",..,..,..,..,"1,530","209,900","1,294,735","2,355",0,"1,145",115,655,165,535,35,930,290,35,0,105,-,0,195,70,80,15,275,"11,320","1,705","10,680",0,"8,610"
512-Nottingham UA,"5,185","3,490",620,510,495,875,140,30,50,45,"2,510",175,90,195,20,100,25,115,205,65,300,"1,725",620,530,55,55,30,"2,050","1,015",575,440,..,..,..,..,"60,740",..,..,..,..,..,..,..,"4,035",..,..,..,"5,165",..,..,"12,085",..,..,425,0,0,0,0,0,0,0,0,0,0,0,0,0,0,0,0,0,0,0,0,0,0,0,"13,365","8,585","38,790",820,0,"3,215",210,0,"4,950","2,440","1,470","8,170",..,..,..,..,..,..,..,..,..,..,..,..,860,"272,660","652,495",..,..,615,75,80,10,70,25,230,65,..,..,..,..,0,-,-,0,0,..,..,..,..,0,"4,380"
606-Hertfordshire,"23,740","23,690","4,390","2,495","2,820","2,250",90,120,10,15,"11,395",780,290,"1,140",80,645,285,"1,015","1,375",710,"2,140","5,745","1,525",170,605,"1,420","2,090","7,630","3,840",180,"6,255","3,675",230,330,875,"198,960","2,245",0,"6,135","34,975","9,080","7,030",915,"11,860",80,50,730,"7,655",0,615,"46,215",670,"3,915",0,0,0,0,0,0,0,0,0,0,0,0,0,0,0,0,"1,340",0,"1,810",0,245,0,15,0,"56,515",0,"142,440","5,865",0,"6,000",655,0,"6,995","2,100",0,"44,115","11,130","2,205","2,305","42,010",50,210,0,"1,630",..,..,..,..,"2,300",0,"2,177,595",265,55,680,860,190,60,"1,440",10,"1,085",560,0,0,0,0,0,480,145,150,50,830,..,"2,125","4,945","4,690",0
607-Norfolk,"26,440","19,290","3,485","2,000","1,595","2,560","1,100",165,45,295,"11,465",600,355,640,240,310,265,535,975,285,"1,210","4,885","2,170","1,090",210,225,205,"6,270","3,825","1,150","1,850","3,545",220,465,360,"209,315",..,"19,555",..,"7,530",740,"2,155",105,"11,935",..,490,..,"24,755",990,..,"19,720","2,825",..,900,25,0,0,"6,065",0,0,20,"1,215",10,0,0,0,0,0,0,0,0,0,0,0,0,0,0,"38,030","37,325","133,965","3,460",980,"7,490","2,190",0,"22,570",815,"2,135","16,770","22,050",..,..,..,..,..,..,..,..,..,..,..,"1,625","374,240","2,417,560","4,905",..,680,"1,495",80,325,0,355,640,630,..,..,..,..,0,325,40,25,-,..,"15,020","6,045",..,"2,240",0
608-Oxfordshire,"13,575","22,500","3,140",625,"1,415","1,380",105,25,0,55,"7,360",285,140,220,20,440,45,80,465,225,535,"2,420","2,370",155,110,155,190,"2,805","3,420",180,995,"1,555",85,30,245,"91,200","1,955","2,170",0,0,0,0,0,"3,925",0,130,0,"3,145",0,"1,595","16,830","1,230",0,0,0,0,0,"2,100",95,110,525,"2,900",90,0,0,0,0,0,0,0,0,0,0,0,0,0,0,"45,445",0,"45,755","1,935",0,"1,990",150,0,"2,995",75,0,"16,750","1,040","1,200",60,"24,790",45,0,0,395,..,..,..,..,"1,085","325,365","656,085","74,680",..,"1,105","1,195",70,45,-,435,370,135,0,60,305,0,0,415,145,155,45,755,0,"5,000","5,000",330,0
609-Suffolk,"13,815","21,580","2,960",370,"1,505","1,135",160,185,20,10,"8,285",375,220,335,205,45,35,260,535,235,605,"3,410","1,005","1,325",130,230,370,"4,255","1,810","1,385","1,335","2,470",105,100,385,"131,520",..,"5,425","2,375","22,210","8,610","4,390",370,"5,280",..,360,35,"4,790",130,20,"20,630","1,075",40,895,0,0,0,"2,165",55,0,0,0,0,0,0,0,0,0,0,0,0,0,0,0,0,0,0,"42,975","23,000","65,545","2,015",115,"3,150","1,550",795,"2,445",835,"1,010","18,785",..,..,..,..,0,25,0,120,95,40,225,20,"1,445",..,..,..,70,540,710,65,225,-,70,560,260,..,..,..,..,0,20,10,-,0,40,..,"1,275",..,"6,760",40
626-Central Bedfordshire UA,"5,155","5,705","1,045",770,390,355,420,15,25,0,"1,900",135,45,145,15,70,25,85,240,40,210,825,385,110,40,90,85,"1,065",745,115,425,835,55,15,125,"38,610",..,"3,025",..,..,..,..,..,"1,985",..,215,..,365,20,..,"8,175",810,..,0,0,0,0,0,0,0,0,0,0,0,0,0,0,0,0,0,0,0,"4,570",0,0,0,0,"8,715",0,"29,900","1,235",0,750,95,0,270,70,"1,260","6,845",..,..,..,..,..,..,..,..,..,..,..,..,405,"50,280","439,870",..,..,120,..,5,..,-,..,160,..,..,..,..,..,..,..,..,..,..,325,..,..,..,545,0
625-Bedford UA,"4,005","2,520",500,515,410,230,465,20,20,-,"1,110",85,45,80,10,50,60,80,90,75,220,490,225,55,40,60,55,670,410,55,375,520,20,10,130,"28,775",..,..,..,..,..,..,..,"1,090",..,..,..,570,..,..,"6,710",..,..,0,0,0,0,0,0,0,0,0,0,0,0,0,0,0,0,155,0,0,"1,285",0,0,0,0,"6,240","1,735","20,800",625,0,470,105,0,470,50,730,"5,930",..,..,..,..,..,..,..,..,..,..,..,..,285,"19,955","334,495",..,..,140,95,0,40,50,10,115,50,..,..,..,..,0,185,80,70,15,..,..,..,..,0,395
611-Luton UA,"3,195","2,090",435,285,365,485,180,70,15,-,"1,760",105,85,130,10,0,15,80,180,70,215,720,310,65,50,45,35,920,595,65,340,..,..,..,..,"23,690",..,..,..,..,..,..,..,"1,795",..,..,..,"1,825",..,..,"6,675",..,..,370,0,0,0,915,0,0,0,345,0,0,0,0,0,0,0,0,0,0,0,0,0,0,0,"5,305","5,050","13,335","1,235",0,555,170,0,"1,650",270,310,"6,095",..,..,..,..,..,..,..,..,..,..,..,..,365,"223,890","578,550",..,..,395,15,50,0,0,0,170,35,..,..,..,..,0,85,30,30,20,170,..,..,..,0,740
612-Buckinghamshire,"11,995","13,875","1,900",885,"1,205",375,110,45,10,30,"3,550",270,40,345,90,255,75,320,330,165,620,"2,090",605,550,150,220,320,"2,770","1,230",570,"1,310","1,220",80,75,305,"65,780",..,..,..,"9,280","4,805",965,205,"4,335",..,..,..,"4,130",..,..,"16,750",..,..,0,0,0,0,"1,800",0,0,40,645,5,0,0,0,0,0,0,210,50,0,"2,180",50,0,0,520,"27,220",0,"38,565","1,330",0,"3,005",750,0,"3,385",315,455,"15,980","2,285",215,"1,665","10,410",0,0,0,0,..,..,..,..,480,..,..,..,..,355,315,5,45,135,175,415,40,25,55,125,0,-,445,160,185,15,..,..,"1,135","1,375","3,615",0
613-Milton Keynes UA,"3,785","2,145",580,595,355,530,245,30,10,-,"1,490",135,40,330,20,0,20,160,205,75,420,900,215,220,155,290,255,"1,215",460,235,"1,125",..,..,..,..,"28,485",..,..,..,..,..,..,..,"1,420",..,..,..,185,..,..,"6,760",..,..,160,0,0,0,"1,175",0,0,0,335,0,0,0,0,0,0,0,0,0,0,0,0,0,0,0,"11,110","1,145","16,230",880,0,540,30,0,150,0,25,"6,735",..,..,..,..,..,..,..,..,..,..,..,..,395,..,..,..,..,30,100,0,105,0,0,100,80,..,..,..,..,0,45,10,10,-,..,..,..,..,"1,240",0
614-Bracknell Forest UA,"2,610","1,680",295,430,205,255,895,10,0,-,"1,295",55,35,60,20,35,55,170,125,125,240,375,225,60,25,20,30,615,415,60,315,240,5,10,45,"14,185",..,..,..,"1,000",805,210,0,535,..,..,..,425,..,..,"2,300",..,..,425,0,0,0,345,0,0,0,390,50,0,0,0,0,0,155,415,0,0,"2,405",0,0,0,0,"6,100","3,190","4,895",175,50,310,40,0,385,45,0,"2,260",..,-,10,..,0,0,0,..,..,..,..,..,185,..,..,..,..,85,185,25,10,30,0,145,20,..,..,..,..,0,-,0,0,0,..,..,..,..,260,0
615-West Berkshire UA,"3,775","2,555",390,475,345,200,375,30,-,-,980,90,60,85,15,50,25,80,135,40,155,760,230,235,30,15,15,950,480,245,210,315,10,10,80,"17,360",515,565,..,"2,355","1,445",305,45,440,-,15,..,445,-,..,"4,380",305,..,365,0,0,0,340,0,0,0,145,0,0,0,0,0,0,0,630,0,0,"1,560",0,0,0,0,"7,510","4,455","5,395",200,15,230,50,0,390,150,0,"4,230",890,70,155,"6,155",160,0,0,"1,125",..,..,..,..,375,"55,725",..,545,50,240,..,65,..,55,..,110,..,15,0,115,0,-,95,35,20,5,55,0,70,..,915,0
616-Reading UA,"3,725","3,175",545,510,360,355,420,85,-,25,"1,320",145,40,85,35,140,30,20,150,20,140,880,240,270,15,35,25,"1,075",570,295,220,515,40,40,115,"16,080",..,..,..,365,40,50,0,"1,070",..,..,..,"2,225",..,..,"6,005",..,..,600,0,0,0,765,0,0,0,720,0,0,0,0,0,0,0,685,155,105,"1,640",300,0,50,155,"6,290","3,395","6,390",625,30,410,185,300,"1,740",-,"1,560","4,445",..,705,"4,860","7,225",210,50,0,"5,195",-,15,80,160,440,"113,245","389,840",..,..,270,-,10,25,190,-,115,75,..,..,..,..,-,230,65,50,15,30,..,150,..,885,0
617-Slough UA,"2,520","1,450",340,485,250,260,435,30,-,20,725,70,40,75,15,90,65,30,135,50,190,510,340,110,20,25,10,630,605,115,245,340,35,100,55,"16,650",60,825,155,585,0,420,280,"1,380",0,75,0,"2,605",0,0,"6,395",385,415,0,0,0,0,135,0,0,850,35,0,0,0,0,0,0,0,0,0,0,985,0,0,0,0,"7,400","2,570","6,675",290,0,"1,090",85,0,"2,520",0,800,"5,595","20,255",0,"1,820","1,870",0,0,0,310,0,0,0,0,185,"43,410","174,150",820,-,140,105,95,25,0,50,110,40,0,0,0,0,-,150,55,45,10,260,600,160,"29,745",785,0
618-Windsor and Maidenhead UA,"3,605","2,445",360,565,230,185,100,-,0,-,"1,465",60,20,20,40,10,-,80,140,5,30,620,165,95,5,5,25,800,335,105,70,..,..,..,..,"17,620",..,..,..,..,..,..,..,"1,070",..,..,..,745,..,..,"4,400",..,..,0,0,0,0,175,0,0,0,430,0,0,0,0,0,0,0,0,0,0,"1,685",0,0,0,0,"9,450",50,"8,120",450,0,620,160,0,590,80,565,"3,755",..,..,"1,010",..,..,..,..,..,..,..,..,..,135,"47,390","275,295",..,..,150,..,10,-,-,0,105,25,..,..,..,..,-,10,-,-,-,15,..,..,..,470,0
619-Wokingham UA,"2,635","2,710",455,745,510,175,375,50,0,0,"1,010",35,25,65,-,10,20,-,105,140,225,365,170,165,30,10,120,410,315,170,390,295,10,10,165,"15,315",0,310,80,"1,525","1,020",290,50,525,0,25,0,575,65,45,"6,310",280,0,110,0,0,0,125,0,0,0,465,0,0,0,0,0,0,0,230,0,0,"1,865",0,0,0,50,"6,015","3,050","6,250",190,-,330,100,0,480,0,0,"6,310",..,120,615,"4,405",50,0,0,"1,015",..,..,..,..,120,..,..,..,..,30,195,30,5,-,10,170,80,30,15,120,0,0,10,-,-,-,20,0,..,..,"1,655",0
620-Essex,"33,145","21,650","3,470","5,520","2,455","1,935","7,905",190,100,-,"12,255",700,..,"1,035",60,..,90,"1,215",..,605,"1,730","5,460",..,"2,845","2,210",775,"1,030","6,335",..,"2,965","3,940","3,985",190,220,750,"227,695",..,"2,455","9,860","4,430",740,"4,235",..,"9,980",..,415,245,"11,455",220,180,"40,835",480,"1,465",0,0,0,0,"37,935",520,670,430,"7,060",0,50,10,0,0,0,0,"3,160",0,0,"7,960",0,0,0,0,"33,500",195,"194,000","2,765",115,"7,095",970,0,"10,485",15,"4,620","36,200",..,..,..,..,..,..,..,"2,370","25,350","5,020","7,870","2,605","2,770","113,775","7,943,060","2,730",120,..,..,..,..,..,..,..,..,..,..,..,..,0,295,170,125,40,180,"22,630","6,820",..,"16,385",0
621-Southend-on-Sea UA,"6,055","3,935",655,"1,005",460,335,"1,980",45,45,15,"2,315",105,10,100,10,90,-,40,215,65,170,965,225,415,40,50,90,"1,125",540,435,345,745,20,45,130,"50,265",980,940,..,"7,265",765,"1,615",60,"1,205",100,60,..,"2,210",15,..,"6,695",70,..,155,0,0,0,"1,045",0,50,0,100,0,0,0,0,0,0,0,0,0,0,0,0,0,0,0,"2,495","3,575","44,200",120,100,985,70,50,"2,090",155,485,"6,050",..,0,0,"2,650",60,0,0,825,"3,980",700,"1,040",480,360,"16,445","620,780","1,195",10,150,115,0,-,195,0,540,65,..,..,..,..,-,95,30,20,15,95,0,640,..,"1,600",0
622-Thurrock UA,"2,785","4,455",450,425,385,190,55,40,0,-,905,50,5,60,-,-,10,10,70,45,115,425,125,215,10,5,5,490,205,235,140,..,..,..,..,"21,245",..,..,..,"1,130",0,340,50,"1,195",..,..,..,845,..,..,"4,835",175,..,155,0,0,0,"1,770",0,0,0,320,0,0,0,0,0,0,0,105,0,0,"1,945",0,0,0,0,"3,305","1,760","16,185",265,0,930,0,0,845,105,100,"4,630",..,..,..,..,..,..,..,..,..,..,..,..,245,"30,535","392,505",..,..,425,-,20,0,-,0,225,-,..,..,..,..,0,10,0,-,-,-,"1,560",220,405,"1,200",0
623-Cambridgeshire,"11,490","8,145","1,920",190,"1,190",980,125,120,-,15,"4,045",365,130,395,210,475,20,460,495,390,815,"3,245",855,125,105,180,215,"4,280","1,965",140,"1,315","1,620",120,105,430,"81,540",..,"2,825",175,"16,445","7,520","2,285",175,"3,960",..,60,20,"4,015",25,..,"17,875","1,060",-,0,0,0,0,"1,255",0,30,0,495,0,0,0,0,0,0,10,0,0,0,"3,310",0,0,0,495,"26,025",0,"55,515","1,465",0,"2,495",985,0,"3,030","1,785","1,085","15,000","3,250",430,320,"1,585",105,95,60,730,-,-,30,..,"1,755","238,160","1,712,080","2,055",75,195,680,15,120,15,40,400,500,..,..,..,..,-,"1,215",465,370,140,"1,565",0,915,"1,335","1,520",0
624-Peterborough UA,"4,155","2,480",825,445,390,520,25,75,-,5,"1,475",85,35,215,-,0,60,30,80,245,525,755,175,180,95,145,185,875,295,195,950,405,35,-,110,"10,715",..,..,..,945,395,330,105,"1,210",..,..,..,180,..,..,"5,270",..,..,"1,140",0,0,0,460,0,0,0,130,0,0,0,0,0,0,0,0,0,0,0,0,0,0,0,"3,190","2,330","5,195",525,-,685,50,0,130,205,0,"5,065",..,..,..,..,..,..,..,..,..,..,..,..,280,"9,725","777,500",..,..,150,25,20,20,0,0,65,15,..,..,..,..,-,35,5,5,-,5,..,..,..,0,840
702-Camden,"5,785","5,520","1,145","1,635",540,330,410,-,105,0,"1,295",300,25,240,120,25,70,110,130,80,390,"1,265",200,355,105,150,150,"1,790",395,425,795,..,..,..,..,"28,155",..,..,..,..,..,..,..,"3,050",..,..,..,"5,095",..,..,"4,200",..,..,395,0,0,0,830,0,50,0,215,105,0,0,0,0,0,0,175,0,0,700,"3,795",500,450,0,"8,430","7,895","11,835","1,110",35,"1,905",390,0,"4,705",0,0,"4,200",..,..,..,..,..,..,..,..,..,..,..,..,565,0,"693,260",..,..,640,835,160,105,0,150,75,110,..,..,..,..,0,135,15,5,-,..,..,..,..,"1,860",0
703-Greenwich,"4,780","3,325",615,805,535,435,"1,100",10,0,-,"1,305",220,75,180,45,-,5,30,270,75,265,"1,395",300,225,65,75,75,"1,685",650,245,480,575,50,60,145,"30,605",..,340,"3,740","6,100","1,705",300,..,"2,620",..,60,455,"4,260",-,"1,195","8,205",40,285,0,0,0,0,0,0,0,0,0,0,0,0,0,0,0,0,0,0,0,0,0,0,0,0,"11,565",0,"19,040","1,055",0,"1,565",0,0,"4,260",0,"2,095","6,110","2,885",..,..,..,105,0,0,"2,460",..,..,..,..,735,"52,960","969,030","3,475",0,0,310,50,35,0,-,265,85,..,..,..,..,0,120,20,20,10,..,0,865,"4,895",0,"1,830"
704-Hackney,"4,525","2,485",755,640,560,285,105,40,100,-,980,185,40,105,5,105,20,65,190,75,205,865,290,245,35,40,30,"1,130",625,280,315,..,..,..,..,"23,360",..,..,..,..,..,..,..,"2,245",..,..,..,"4,350",..,..,"10,380",..,..,0,0,0,0,0,0,0,0,0,0,0,0,0,0,0,0,0,0,0,0,155,420,0,0,"6,850",0,"16,510",720,0,"1,530",50,0,"4,300",270,0,"10,110","6,865",415,520,"6,550",155,0,695,"1,115",..,..,..,..,675,"236,575","453,420",..,..,..,..,..,..,..,..,..,..,..,..,..,..,0,170,25,15,-,215,"5,675",280,"1,135",0,"2,440"
705-Hammersmith and Fulham,"3,755","2,295",505,445,295,340,100,55,90,0,"1,060",155,20,105,130,140,30,60,50,55,195,"1,060",105,180,45,40,40,"1,420",315,200,325,..,..,..,..,"23,745",..,..,..,..,..,..,..,"1,875",..,..,..,"4,415",..,..,"7,435",..,..,0,0,0,-,425,0,50,-,60,0,0,0,0,0,0,0,0,0,0,0,0,0,0,0,"17,870",0,"5,875","1,445",0,430,675,0,"3,740",0,465,"6,975",..,..,..,..,..,..,..,..,..,..,..,..,660,"43,475","806,620",..,..,110,0,20,0,55,0,135,0,..,..,..,..,15,195,40,15,-,0,..,..,..,0,"1,620"
706-Islington,"3,315","1,835",415,775,240,525,625,15,65,0,"1,190",255,50,165,95,30,25,225,130,60,250,"1,135",245,190,30,30,25,"1,710",460,215,335,480,25,50,105,"28,270",570,195,0,"1,490",155,840,105,"1,505",30,-,0,"4,855",-,0,"4,880",30,0,0,0,0,0,"1,370",0,10,10,80,0,0,0,0,0,0,0,0,0,0,0,0,0,0,0,"14,420",0,"13,850",900,0,605,215,0,"4,640",140,"1,045","3,700",100,0,45,65,0,0,0,15,..,..,..,..,520,"98,700","705,730","1,570",0,230,645,85,10,0,520,60,55,..,..,0,0,0,105,15,-,0,120,0,145,260,"1,065",0
707-Kensington and Chelsea,"5,595","3,270",755,"1,070",230,365,85,10,195,255,"1,080",185,-,250,125,235,85,25,30,75,415,"1,090",230,230,225,375,385,"1,420",505,250,"1,400",285,20,60,70,"15,965",..,370,..,570,95,535,0,855,..,..,..,"2,485",0,..,"2,990",..,..,50,0,0,0,390,0,0,0,205,0,0,0,0,0,0,0,660,55,380,"1,920",0,0,0,0,"5,620","2,670","7,675",0,0,855,0,0,"2,485",0,475,"2,510",..,105,"2,535","1,145",0,0,0,200,0,0,0,0,305,..,..,105,35,"1,080",515,180,135,145,75,145,260,0,0,20,0,0,0,0,0,0,0,765,550,695,"1,020",0
708-Lambeth,"8,025","9,180","2,400","1,905",905,550,"1,875",35,240,100,"1,290",335,75,140,45,160,-,120,150,75,220,935,180,355,30,40,25,"1,450",575,430,315,755,95,125,280,"39,340",220,500,965,"10,510","6,260","1,350",0,"5,045","1,010",55,275,"7,750",0,0,"13,095",285,0,0,0,0,0,0,0,0,0,0,0,0,0,0,0,0,0,155,0,0,"1,805",0,0,0,0,"18,590",0,"20,750","2,600",0,"2,445",910,0,"6,840",675,0,"12,415","2,815","6,785","1,035","3,415",265,0,0,"1,460",-,0,0,130,415,0,"620,160","1,150",-,220,0,45,10,55,10,95,95,0,0,-,0,0,-,0,-,0,-,-,200,"3,460","2,010",0
709-Lewisham,"5,255","4,585",960,"2,055",460,505,275,30,0,80,"1,570",305,55,135,80,260,-,300,230,30,170,"1,590",390,635,40,40,15,"2,300",940,695,270,725,70,150,160,"38,305",685,150,"1,150","1,710","1,570",695,155,"3,615",105,15,335,"3,345",..,"3,165","10,895",0,0,0,0,0,0,0,0,0,0,0,0,0,0,0,0,0,0,0,0,0,0,0,0,0,0,"18,470",0,"19,835","1,810",0,"1,805",275,0,"3,070",620,0,"10,280",..,..,245,160,0,0,0,930,0,..,..,..,"1,175","123,440","904,095","1,170",..,55,425,20,50,0,230,85,145,..,..,0,0,10,145,35,25,15,20,"2,205",265,870,"3,035",0
710-Southwark,"3,635","2,700",575,"1,030",260,665,"1,535",60,10,-,"1,780",250,55,85,185,80,5,65,145,30,120,"1,275",80,355,90,130,145,"1,775",370,385,490,665,70,170,260,"31,540",550,545,340,"2,335","1,180","1,740",0,"3,515",45,15,145,"7,475",-,0,"15,915",115,-,0,0,0,0,55,0,0,0,135,0,0,0,0,0,0,0,0,0,0,0,0,0,0,0,"12,915",0,"18,625","1,490",0,"2,025","1,350",0,"6,125",210,0,"15,705",..,..,..,..,0,0,0,5,..,..,..,105,665,0,"1,012,830",..,..,0,745,325,..,135,70,0,355,25,..,185,..,0,0,-,0,0,-,..,"2,665",415,"2,400",0
711-Tower Hamlets,"4,770","2,605",635,110,360,500,210,-,35,20,805,285,40,100,205,85,30,165,210,50,180,"1,240",305,345,50,65,20,"1,915",570,420,315,..,..,..,..,"23,350",..,..,..,..,..,..,..,"3,025",..,..,..,"7,205",..,..,"9,200",..,..,0,0,0,0,175,0,0,0,495,0,0,0,0,0,0,0,0,0,0,680,0,0,0,0,"9,050",0,"14,295","1,135",0,"1,890",180,0,"7,030",135,0,"9,070",..,..,..,..,..,..,..,..,..,..,..,..,855,"289,725","800,620",..,..,155,30,95,-,75,10,35,200,..,..,..,..,0,330,30,20,-,..,..,..,..,"1,095","2,745"
712-Wandsworth,"4,320","1,370",505,240,600,320,20,15,-,-,"1,345",200,110,105,70,55,70,35,440,90,270,"1,290",330,270,45,35,20,"1,590",950,300,325,740,70,135,350,"39,450",..,..,..,..,..,..,..,"3,535",..,..,..,"6,890",..,..,"19,275",..,..,0,0,0,0,0,0,0,0,0,0,0,0,0,0,0,0,0,0,0,0,0,0,0,0,"19,865",0,"19,580","1,075",0,"2,460",545,0,"6,345",345,0,"18,925",..,..,..,..,..,..,..,..,..,..,..,..,680,"72,590","751,000",..,..,20,290,40,55,-,35,145,215,..,..,..,..,-,240,55,30,-,..,..,..,..,"1,655",0
713-Westminster,"5,490","3,850",630,"1,995",500,240,"1,280",30,150,15,"1,175",295,55,205,280,110,75,140,110,95,385,"1,630",270,305,90,70,45,"2,375",565,340,590,..,..,..,..,"33,875",..,..,..,..,..,..,..,"2,145",..,..,..,"9,950",..,..,"7,785",..,..,240,0,0,0,105,0,0,0,-,0,0,0,0,0,0,0,"1,180",50,605,"1,325",425,0,300,50,"14,165","4,065","15,645",955,0,"1,190",665,0,"9,285",160,0,"7,625",..,..,..,..,..,..,..,..,..,..,..,..,580,..,..,..,..,35,275,0,60,0,140,100,90,..,..,..,..,-,110,25,15,0,..,..,..,..,"1,670",0
714-City of London,230,160,25,30,10,20,20,-,-,-,75,10,0,10,-,-,0,-,-,10,35,70,-,10,15,-,-,80,-,10,..,..,..,..,..,"1,550",..,..,..,..,..,..,..,0,0,0,0,970,..,..,175,..,..,0,0,0,0,0,0,0,0,270,0,0,0,0,0,0,0,0,0,0,0,0,0,0,0,0,0,"1,550",0,0,0,0,0,970,0,0,175,..,..,..,..,..,..,..,..,..,..,..,..,15,"18,320",..,..,..,0,-,0,0,0,-,0,-,0,0,0,0,0,35,10,-,-,..,0,..,..,60,0
716-Barking and Dagenham,"5,555","4,040",825,310,360,450,75,10,-,-,"1,450",45,25,200,15,140,20,10,65,50,280,475,150,280,105,160,190,550,380,290,730,470,15,15,60,"28,485","3,005",870,125,"3,545",860,"1,150",0,960,80,50,0,940,0,0,"3,290",90,-,0,0,0,0,0,0,0,0,0,0,0,0,0,0,0,0,0,0,0,"1,750",0,0,0,0,"9,290","1,890","17,305",615,0,340,15,0,925,65,300,"2,930","2,600",0,0,215,0,0,0,365,"3,785","1,120",290,275,220,"61,440","486,830",175,-,30,185,0,20,0,155,80,50,..,..,..,..,-,95,15,20,15,40,105,405,120,"1,585",0
717-Barnet,"6,080","5,990",915,"1,365",900,280,405,60,10,-,"1,575",210,65,210,55,155,50,105,165,155,420,"1,405",365,280,70,95,115,"1,775",745,385,700,..,..,..,..,"40,055",..,..,..,..,..,..,..,"3,310",..,..,..,"3,580",..,..,"12,385",..,..,0,0,0,0,"1,885",50,50,25,480,0,0,0,0,0,0,0,0,0,0,0,0,0,0,0,"10,755",0,"29,300",915,0,"2,395",175,0,"3,405",130,335,"11,920",..,..,..,..,..,..,..,..,..,..,..,..,860,..,..,..,..,0,370,60,-,155,5,115,70,..,..,..,..,-,140,45,10,15,..,..,..,..,"2,050",0
718-Bexley,"6,395","4,015",920,"1,105",280,400,890,20,325,15,"1,970",105,95,250,-,0,55,25,200,50,360,705,345,60,165,350,440,835,640,65,"1,310",..,..,..,..,"29,070",..,..,..,..,..,..,..,"1,450",..,..,..,"1,850",..,..,"7,800",..,..,0,0,0,0,0,0,0,0,0,0,0,0,0,0,0,0,0,0,0,0,0,0,0,0,"12,165",0,"16,905",580,0,875,0,0,"1,850",0,0,"7,800",..,..,..,..,..,..,..,..,..,..,..,..,560,"15,600","368,765",..,..,0,415,0,105,0,0,0,205,..,..,..,..,0,15,20,20,25,80,..,565,"5,000",0,0
719-Brent,"5,490","2,910",875,"1,015",660,545,950,80,40,-,"1,305",200,35,180,-,210,20,30,205,365,565,"1,240",325,500,60,85,70,"1,480",770,555,780,505,70,90,130,"25,695",0,310,480,120,45,135,50,"3,755",0,105,120,"4,855",0,0,"6,510",275,0,105,0,0,0,255,50,0,0,370,0,0,0,0,0,0,0,"1,040",0,0,520,0,0,0,0,"14,760","1,300","9,635","1,895",0,"1,855",40,0,"4,810",55,605,"5,850",605,230,"3,495","1,815",590,0,250,"1,335",0,0,0,0,"1,060",0,"813,175",260,105,145,100,95,15,215,195,170,100,0,145,65,0,0,90,-,0,0,15,710,205,"1,760","2,560",0
720-Bromley,"7,390","4,530",625,"1,760",475,280,280,55,20,-,"1,865",160,85,135,85,305,-,80,300,30,170,"1,455",925,320,65,175,195,"1,790","1,615",340,605,775,35,70,190,"40,195","2,720","3,535",0,"3,735","3,775",770,350,"2,005",220,255,0,"3,870",0,0,"7,455",280,0,0,0,0,0,195,0,0,0,130,0,0,0,0,0,0,0,"1,185",275,105,"3,310",270,50,0,50,"17,940",0,"22,255",675,0,"1,330",105,0,"3,760",260,645,"6,555","7,385",355,700,"5,635",0,0,0,"1,170","1,370",385,"1,925",515,690,"286,585","647,395","1,075",30,0,925,75,10,0,305,215,95,0,0,95,0,0,-,0,0,-,5,"1,725",320,770,0,940
721-Croydon,"7,375","8,200","1,560","1,485",965,125,"1,190",30,25,45,840,240,130,140,75,35,30,160,185,60,280,"1,380",455,585,50,85,115,"1,865",810,650,530,..,..,..,..,"39,160",..,..,..,..,..,..,..,"3,375",..,..,..,"6,695",..,..,"14,665",..,..,0,0,0,0,565,0,0,0,455,-,0,0,0,0,0,0,0,0,0,"7,290",0,0,0,90,"16,710","7,825","14,625",680,645,"2,050",510,-,"6,185",85,245,"14,335",..,..,..,..,..,..,..,..,..,..,..,..,900,"196,405","633,425",0,5,530,0,45,75,70,590,240,185,..,..,..,..,0,10,-,0,-,..,0,750,"2,645","2,550",0
722-Ealing,"7,650","4,300",835,"1,560",635,315,"1,275",55,80,-,"1,780",445,185,125,15,-,5,60,140,155,285,"2,060",840,150,50,80,50,"2,585","1,230",170,470,"1,125",145,105,185,"32,190","2,425",545,135,"3,465","3,420","1,980",105,"4,405",705,80,880,"5,480",0,105,"12,080",35,120,0,0,0,0,"2,540",0,585,0,"2,920",135,0,0,0,0,0,0,0,0,0,0,530,50,0,0,"16,025",0,"16,165","2,940",0,"1,470",700,0,"4,780",310,0,"11,770","1,275",235,"1,430","2,375",0,95,0,"1,100",..,..,..,..,745,"66,775","1,088,115",420,10,770,70,185,70,90,10,180,110,0,0,90,0,0,115,25,20,-,160,0,395,810,640,0
723-Enfield,"8,120","5,510",970,"1,385",640,490,400,35,-,15,"2,015",195,115,175,155,240,25,205,210,60,265,"1,280",420,275,55,55,45,"1,850","1,000",305,420,660,35,60,125,"35,070",0,"1,105",20,"12,325","2,870",805,300,"1,905",0,15,200,"3,150",5,100,"6,760",295,100,945,0,0,0,"3,505",0,0,30,"1,605",110,0,0,0,0,0,0,0,0,0,"2,535",0,0,0,0,"8,835","4,135","22,095",500,0,"1,405",135,0,"3,020",220,0,"6,540",0,0,0,0,160,0,0,755,0,0,0,0,840,"158,615","1,367,815",410,90,250,170,105,20,110,50,245,125,-,45,90,0,0,20,-,0,0,10,"5,525",490,"1,970","1,510",0
724-Haringey,"4,685","2,700",870,595,470,515,75,25,55,15,"1,480",145,55,160,15,360,10,55,150,30,205,875,210,215,55,50,30,"1,085",800,235,335,510,35,80,190,"25,730",..,710,135,"6,500",780,975,0,"1,485",..,40,45,"6,340",70,10,"10,420",115,0,775,0,0,0,"1,395",50,0,0,730,90,0,0,50,0,0,105,930,320,"2,620","3,505",345,0,260,235,"6,240","5,200","14,290",835,0,650,0,0,"6,340",415,910,"9,095",0,0,0,0,375,0,195,"1,310",..,..,..,..,365,..,..,..,15,215,80,50,15,260,10,145,115,..,..,40,..,0,600,125,80,25,25,0,420,445,"1,835",0
725-Harrow,"5,915","6,620","1,560",30,620,430,175,90,-,35,"2,000",105,60,225,15,35,30,35,50,75,90,920,355,310,85,180,170,"1,075",590,335,855,420,30,60,130,"23,035",..,..,..,"1,560",675,"1,300",0,"1,770",0,0,0,"2,265",-,35,"6,810",0,0,0,0,0,0,0,0,0,0,0,0,0,0,0,0,830,0,50,0,0,"2,030",0,0,0,0,"8,790",0,"14,250",730,0,"1,040",390,625,"1,250",275,0,"6,540",0,0,0,0,0,0,0,0,0,0,0,0,275,0,"425,720",0,0,160,195,70,10,200,80,105,115,0,0,0,0,-,335,110,85,45,0,-,470,675,-,"1,645"
726-Havering,"5,530","8,570","1,025",765,340,400,105,35,-,50,"2,775",135,20,130,25,75,5,35,105,95,230,"1,375",160,475,50,50,45,"1,565",360,495,375,565,25,30,140,"30,815",0,845,0,"3,525","3,650",790,45,"1,330",0,140,0,"1,425",15,0,"7,335",225,0,-,0,0,0,"3,475",0,0,0,"1,980",50,0,0,0,0,0,0,250,0,0,"2,345",0,0,0,0,"12,895",20,"17,905",400,0,930,275,0,"1,150",250,0,"7,085",..,..,..,..,..,..,..,..,..,..,..,..,560,..,..,..,-,115,215,25,-,80,0,150,35,0,-,..,0,0,0,0,0,0,0,..,..,..,0,"2,535"
727-Hillingdon,"4,290","3,290",645,605,250,180,315,20,..,-,"1,170",140,60,160,25,65,15,30,195,40,220,"1,045",280,495,40,25,25,"1,245",600,530,310,610,65,55,170,"34,115",675,485,220,"1,535",965,830,0,"3,280",10,30,275,"2,695",0,50,"9,235",430,130,0,0,0,0,0,0,0,0,0,0,0,0,365,0,0,715,885,0,0,"3,105",230,50,0,250,"16,630",115,"17,370","1,705",0,"1,575",350,0,"2,350",-,"2,290","6,940",..,485,"1,405","3,835",405,100,240,815,..,..,..,..,405,"127,920","553,690",..,15,270,5,55,15,65,-,180,50,..,..,..,..,0,10,-,5,-,20,0,305,..,"2,160",0
728-Hounslow,"5,500","3,195",855,"1,100",350,440,265,15,30,10,"1,560",160,30,105,25,40,20,55,185,65,190,910,340,325,60,90,75,"1,155",595,340,415,385,40,30,90,"20,020",310,485,220,"2,100","1,205","1,485",0,"1,840",0,45,40,"1,595",5,130,"4,700",0,0,630,0,0,0,415,0,50,0,540,0,0,0,10,0,0,0,150,0,180,"5,020",15,0,25,0,"7,965","4,940","7,115",900,0,940,105,80,"1,410",0,0,"4,700",..,..,..,..,..,..,..,..,..,..,..,..,370,"81,460","518,260",810,25,570,330,25,80,125,220,425,185,20,25,50,0,0,75,25,5,-,80,"3,465",70,45,"2,125",..
729-Kingston upon Thames,"2,865","3,505",480,600,260,120,135,-,55,0,785,35,10,90,25,15,90,0,55,35,215,635,130,305,40,40,45,760,215,320,345,410,20,40,125,"22,145",..,..,..,..,..,..,..,935,..,..,..,"2,070",..,..,"6,635",..,..,"2,280",0,0,0,435,0,0,0,140,0,0,0,50,0,0,0,50,25,0,0,-,0,0,0,"9,390","5,515","7,235",235,70,630,320,70,"1,685",50,655,"5,930",..,..,..,..,..,..,..,..,..,..,..,..,185,"48,830","291,850",..,..,105,25,10,10,0,5,35,75,..,..,..,..,0,110,35,20,5,125,..,..,..,0,"1,480"
730-Merton,"3,895","2,365",515,875,425,205,360,25,35,0,"1,140",80,40,70,35,10,65,45,130,35,170,610,230,225,40,30,35,770,410,240,275,460,40,50,130,"21,630",110,20,"1,680","4,095","2,275",720,35,"2,035",30,50,530,"2,735",0,725,"6,145",515,125,0,0,0,0,0,0,0,0,0,0,0,0,0,0,0,50,320,0,35,840,105,0,0,0,"8,795",0,"12,835",865,0,"1,170",210,0,"2,525",210,655,"5,280",50,50,50,50,0,0,50,50,..,..,..,..,335,"61,155","574,375",150,20,125,310,40,10,0,25,185,55,..,..,60,..,0,25,15,-,-,25,0,120,690,"4,440",0
731-Newham,"4,035","2,015",465,"1,005",545,685,"1,650",65,210,25,"1,390",245,120,165,35,110,15,55,235,140,315,"1,430",335,360,85,110,50,"1,770",800,410,560,495,50,80,120,"28,120","1,945",245,95,"16,555","3,630",740,155,"2,320",0,15,0,"4,060",10,0,"6,605",275,0,105,0,0,0,0,0,0,0,0,0,0,0,0,0,0,0,730,0,0,"2,490",0,0,0,0,"11,865","2,515","13,740","1,020",0,"1,300",210,0,"3,850",0,0,"6,605",0,105,0,855,0,0,520,235,0,0,0,0,795,"105,160","846,490",0,0,335,0,100,15,100,10,100,135,0,0,0,0,-,25,5,-,0,20,985,"2,240","2,240","1,485",0
732-Redbridge,"5,625","3,915",795,250,530,195,35,15,-,255,"1,660",160,65,110,40,85,45,110,265,95,280,"1,200",335,805,55,75,55,"1,565",775,875,465,540,30,60,70,"30,925",50,755,0,"7,030","2,630",0,0,"1,955",15,95,0,"3,735",35,0,"7,885",205,0,610,0,0,0,"4,125",-,50,30,"1,515",55,40,0,0,0,0,0,0,0,0,0,0,0,0,0,"8,455",805,"21,665",850,0,"1,110",105,0,"3,635",155,0,"7,730",..,..,..,..,0,0,0,10,..,..,..,..,460,"80,225","707,150",..,..,440,25,75,-,100,5,225,80,..,..,..,..,0,15,5,10,10,40,0,..,..,250,"2,595"
733-Richmond upon Thames,"3,305","4,130",810,25,210,190,30,5,5,-,"1,170",95,35,200,30,195,30,85,100,90,325,770,150,245,125,235,375,980,240,265,"1,060",455,35,35,110,"24,110",225,415,370,"6,040","4,485",800,50,"1,795",0,30,50,"1,890",0,55,"5,600",225,95,0,0,0,0,550,0,0,105,300,0,0,0,105,0,0,415,"1,235",0,0,"2,230",0,0,0,0,"10,190",210,"13,715",640,0,"1,155",165,0,"1,730",105,765,"4,730",0,0,"1,335","1,935",0,0,0,300,0,0,0,70,385,"11,650","513,390",825,30,165,5,20,10,185,10,70,45,0,290,85,0,0,95,55,45,15,210,0,525,"2,010","1,265",0
734-Sutton,"4,660","6,635",835,55,690,210,-,10,5,15,"1,140",90,80,100,30,80,15,200,170,115,230,775,280,255,55,45,65,"1,095",610,260,395,465,20,40,160,"25,330",615,440,"1,505","4,940","2,820","1,265",290,"1,120",0,25,230,"2,380",5,110,"9,165",530,0,105,0,0,0,705,50,0,0,150,0,0,0,0,0,0,0,215,0,0,"2,490",90,0,325,0,"10,495","2,570","12,260",785,0,335,420,0,"1,960",115,0,"9,050",245,105,885,"7,800",335,0,100,690,-,0,0,70,330,"63,595","684,185","1,120",10,100,110,0,60,55,-,60,110,0,0,0,0,-,225,70,55,15,0,0,290,460,0,"1,500"
735-Waltham Forest,"2,805","1,780",365,295,385,145,50,30,-,10,700,85,25,145,20,95,40,55,150,70,255,805,245,290,55,75,75,960,525,310,460,270,30,25,190,"27,790",0,0,105,..,..,..,..,"1,735",0,0,60,"2,840",..,..,"9,840",0,"2,945",0,0,0,0,"3,530",0,80,155,415,0,0,0,0,0,0,0,0,0,0,0,0,0,0,0,"7,195","7,500","13,095",435,0,"1,305",0,0,"2,840",0,"1,210","8,625","13,180",0,"9,570","7,690",..,..,..,..,"1,005",..,185,145,250,"103,295","323,910","3,800",10,105,0,0,15,60,40,140,80,0,0,0,0,0,120,25,10,-,..,"2,975",150,-,0,"1,710"
803-Isle of Wight UA,"3,775","2,825",335,50,425,160,115,15,10,10,"1,085",95,15,75,25,50,-,85,265,80,160,"1,275",305,325,25,30,60,"1,475",640,340,275,780,25,40,130,"41,030",..,..,..,..,..,..,..,"1,110",..,..,..,"2,190",..,..,"7,960",..,..,0,0,0,0,0,0,0,0,0,0,0,0,0,0,0,0,0,0,0,0,0,0,0,0,"4,930","2,700","33,400",220,0,890,60,0,"2,130",65,475,"7,425",..,..,..,..,..,..,..,..,..,..,..,..,310,"64,730","582,450",..,..,195,165,0,15,60,5,150,140,..,..,..,..,0,40,10,-,-,..,0,..,..,"1,650",0
805-Surrey,"24,440","17,410","2,775","1,975","2,280","1,410",400,245,-,70,"10,440",420,170,540,70,-,105,425,920,255,895,"3,370",105,0,70,255,380,"4,285","1,200",0,"1,600","2,990",225,75,860,"161,470",..,..,..,"18,650","13,245",780,..,"12,635",..,..,..,"4,500",100,980,"44,225",..,..,0,0,0,0,0,0,0,0,0,0,0,0,50,0,0,0,"14,855",0,775,"23,010","1,165",0,95,170,"72,285","10,140","79,045","5,205",0,"7,430",875,0,"3,625",300,"4,430","39,490",..,"1,290",955,"24,955",285,0,345,670,..,..,..,..,"1,695","347,505","2,588,525",..,..,70,85,105,65,0,-,760,310,..,..,..,..,15,725,240,230,85,435,"6,195",..,..,0,0
807-West Sussex,"15,535","9,880","1,745","2,840","1,000",805,"1,545",40,-,-,"5,520",260,255,605,15,30,100,545,340,400,"1,120","2,115",930,"1,085",240,470,610,"2,945","1,590","1,180","2,445","2,415",230,110,505,"131,290",..,..,..,..,..,..,..,"8,220",..,..,..,"6,920",..,..,"26,690",..,..,0,0,0,0,"7,230",50,0,0,"3,590",0,0,0,0,0,0,0,"1,410",210,50,"2,150",15,0,0,0,"43,770","1,945","85,580","2,395",0,"5,825",410,0,"6,515",980,"3,130","22,580",..,..,..,..,..,..,..,..,..,..,..,..,"1,280","182,665","1,535,660",..,..,735,..,125,..,35,..,360,..,..,..,..,..,0,230,65,60,15,370,..,..,..,"7,070",0
809-Dorset,"9,370","6,400","1,190",570,685,880,695,45,155,10,"5,060",145,200,380,15,25,180,55,305,160,720,"1,140",770,155,115,155,240,"1,360","1,295",165,"1,225","1,310",65,30,195,"66,880",955,795,510,"10,970","3,290",470,210,"1,860",25,50,70,"1,345",0,0,"10,915",150,90,"1,440",0,0,0,"3,255",0,0,0,970,0,0,0,0,0,0,0,0,0,0,105,0,0,0,50,"16,305","13,370","37,205",535,0,"1,330",155,0,"1,190",255,"2,390","8,270","1,590",830,185,"2,715",115,25,0,835,..,..,..,..,395,"211,945","460,320",610,..,715,65,140,50,65,-,475,90,115,175,370,..,0,5,-,-,0,10,"3,445",220,315,780,0
810-Bournemouth UA,"5,130","3,660",685,415,365,280,50,15,0,-,"1,715",105,45,85,30,40,15,35,140,60,160,680,320,20,25,20,25,855,545,25,230,..,..,..,..,"37,560",..,..,..,..,..,..,..,"1,595",..,..,..,"1,155",..,..,"5,540",..,..,0,0,0,0,0,0,0,0,0,0,0,0,0,0,0,0,0,0,0,0,0,0,0,0,"6,005",560,"30,995",100,0,"1,495",105,0,"1,050",0,"1,205","4,335",..,..,..,..,..,..,..,..,..,..,..,..,265,"51,920","532,505",..,..,320,5,45,-,35,-,135,110,..,..,..,..,0,125,15,10,-,..,..,..,..,135,0
811-Poole UA,"5,720","4,100",765,240,285,325,35,30,180,0,"1,610",95,40,115,20,55,20,65,150,95,230,710,335,210,35,45,30,890,580,220,335,395,20,10,45,"20,385",..,..,..,..,..,..,..,725,..,..,..,475,..,..,"2,440",..,..,0,0,0,0,165,0,0,0,0,0,0,0,0,0,0,0,0,25,50,125,0,0,0,0,"3,615",0,"16,775",165,0,565,70,0,400,20,0,"2,420",..,..,..,..,..,..,..,..,..,..,..,..,320,..,..,..,..,255,60,40,-,25,5,115,30,..,..,..,..,0,10,-,-,0,..,..,..,..,"1,335",0
812-Hampshire,"33,665","22,765","2,950","5,580","1,935","1,680","4,540",130,35,125,"13,635",965,235,625,260,260,25,"1,020",840,505,"1,155","6,075","1,375",..,255,170,320,"8,345","2,720",..,"1,900","4,100",170,120,855,"211,155",600,"1,935","4,000","22,930","11,970","2,235",400,"12,705",0,155,610,"6,145",35,140,"39,930","1,445","5,515",735,70,0,0,"8,390",0,70,0,"5,895",120,55,0,0,0,0,155,"1,170",75,0,"7,815",335,0,0,190,"89,890","32,765","88,500","3,435",430,"8,840",875,30,"5,240","1,080","7,255","31,595",..,..,..,..,100,40,180,565,..,..,..,..,"2,965","211,795","4,247,725","2,490","10,800",760,"1,635",175,205,110,245,805,535,0,0,285,0,0,365,90,205,305,965,"97,140","5,405",..,"8,945",0
813-Portsmouth UA,"4,005","4,175",600,"1,205",475,215,760,25,10,-,990,115,35,120,30,-,15,135,140,55,190,845,220,..,95,185,225,"1,130",400,..,695,595,30,60,100,"27,410",605,435,620,"10,560","3,415",105,0,"1,845",10,65,255,"3,740",-,-,"5,920",640,5,625,290,0,35,0,0,0,0,0,0,0,0,0,0,0,0,0,0,50,"2,060",0,0,0,50,"8,950","7,135","11,320",485,490,875,75,0,"3,665",165,445,"5,310","7,390",0,0,"3,030",-,-,-,30,0,"1,345",0,0,205,..,..,335,-,185,50,95,-,-,-,250,155,0,650,5,0,0,25,-,5,-,10,0,420,920,"1,395",0
814-Southampton UA,"4,960","7,565","1,395","1,300",750,305,370,45,95,15,"1,650",280,85,225,150,370,55,185,275,55,335,"1,850",530,295,60,50,30,"2,480","1,260",330,475,740,30,125,35,"39,230",..,910,"1,495","10,845","4,200","1,035",85,"1,465",..,75,80,"1,560",45,95,"5,450",230,25,880,0,0,0,0,0,0,0,0,0,0,0,0,0,0,0,470,0,0,"1,400",0,0,0,0,"11,970","7,835","19,425",630,0,830,0,0,"1,560",0,235,"5,215","4,315",..,..,..,530,55,235,"1,965",..,..,..,..,345,"30,520","692,640","2,605",50,60,555,65,30,450,35,285,90,0,0,0,0,0,0,0,0,0,0,..,435,..,30,"1,650"
815-East Sussex,"15,560","26,570","2,265",855,"1,075","1,055",545,35,35,55,"6,270",285,130,525,70,35,105,45,395,75,720,"1,975",635,930,155,315,445,"2,385","1,200","1,000","1,640","2,445",150,140,515,"131,835","2,645","1,715","5,290","18,750","7,090","5,200","1,055","6,060",0,135,"1,025","8,870",15,550,"29,355","1,150",645,0,0,0,0,0,0,0,0,0,0,0,0,0,0,0,0,0,0,0,0,0,0,0,0,"48,205","8,440","75,190","1,915",0,"4,145","1,490",0,"7,385",395,"3,080","25,880",0,0,0,0,720,"1,020",380,"4,690",20,35,90,275,785,"67,915","1,330,330","1,350",5,670,110,0,140,0,35,365,170,0,0,0,0,-,915,375,335,100,5,0,"1,515","3,470","5,890",0
816-Brighton and Hove UA,"7,055","8,915","1,185",410,655,575,25,20,-,5,"2,315",285,65,125,85,15,15,180,145,120,265,"1,340",325,235,40,40,25,"1,895",550,270,370,"1,055",50,90,230,"52,100",..,..,..,..,..,..,..,"2,355",..,..,..,"4,660",..,..,"13,665",..,..,0,0,0,0,0,0,0,0,0,0,0,0,0,0,0,0,0,0,0,0,0,0,0,0,"20,185","3,400","28,520",985,0,"1,375",490,0,"4,170",200,"2,165","11,300",..,..,..,..,..,..,..,..,..,..,..,..,805,..,..,120,15,185,40,60,10,70,80,135,175,..,..,..,..,0,160,25,25,30,240,..,..,..,"1,610",0
817-Wiltshire UA,"11,750","18,190","6,885","1,345",720,"1,130","1,445",40,5,110,"6,200",410,45,165,170,30,20,220,330,80,275,"2,490",275,0,55,70,65,"3,305",680,0,460,"1,625",60,90,465,"74,035",305,"1,145",210,"24,360","10,695","1,865",665,"3,545",20,85,260,"4,675",45,0,"21,225",820,"8,500",0,0,0,0,0,0,0,0,0,0,0,0,0,0,0,470,630,0,0,"3,665",315,0,0,630,"27,995",190,"45,850","1,015",0,"2,535",420,0,"4,260",75,"1,450","19,695","1,070",330,290,"8,145",420,50,315,980,0,0,0,0,"1,420","241,435","1,676,190","67,165",170,50,225,0,45,0,30,185,150,0,0,0,0,0,200,105,185,175,425,0,0,0,0,0
819-Swindon UA,"4,070","2,475",460,810,330,505,415,10,-,-,"2,120",125,65,100,20,310,20,150,225,45,160,850,285,220,15,35,30,"1,145",885,230,240,525,25,45,240,"29,260","1,570",205,580,"8,145","2,930","1,410",365,"1,020",40,35,155,"2,360",0,210,"12,315",50,"2,035",500,0,0,0,65,0,25,0,60,0,0,0,0,0,0,0,940,0,-,"2,845",110,0,0,285,"10,930","7,530","10,800",275,25,720,255,60,"2,045",580,"1,770","9,965","3,975",180,710,"3,580",..,..,..,..,..,..,..,..,325,..,..,800,..,210,25,45,25,-,-,90,90,..,..,..,..,0,75,25,10,-,115,..,..,..,"1,105",0
820-Kent,"34,945","34,945","5,530","14,815","4,150","3,925","8,205",285,60,70,"21,240","1,475",300,735,430,15,110,615,"1,125",605,"1,450","9,250","1,200","1,365",350,615,770,"11,780","2,650","1,460","3,185","4,770",255,180,975,"283,300","6,955","7,770","12,985","66,130","14,190","8,120",450,"14,475",0,500,425,"9,475",225,595,"54,905","5,115",0,0,0,0,0,0,0,0,0,0,0,0,0,0,0,0,0,"1,140",0,0,"4,845",0,0,0,0,"80,450","25,455","177,395",0,0,"14,475",0,0,"9,475",0,"1,875","53,030","9,125",..,..,..,..,..,..,..,-,15,255,-,"2,435","261,580","3,425,145",895,15,895,710,75,275,-,15,790,505,25,0,170,0,0,0,0,0,0,..,0,365,400,"9,135",0
821-Medway Towns UA,"4,050","5,705","1,185",545,710,630,880,20,-,0,"1,960",205,140,210,50,295,10,30,95,180,400,"1,280",515,230,55,80,85,"1,570","1,045",250,620,..,..,..,..,"40,100",..,..,..,..,..,..,..,"3,730",..,..,..,"1,975",..,..,"11,470",..,..,0,0,0,0,0,0,0,0,0,0,0,0,0,0,0,0,0,0,0,0,0,0,0,0,"15,535","4,895","19,670",930,0,"2,805",0,0,"1,975",415,535,"10,525",..,..,..,..,..,..,..,..,..,..,..,..,540,..,..,..,..,205,405,85,30,295,0,65,15,..,..,..,..,0,25,10,0,0,..,..,..,..,"1,485",0
902-Cornwall UA,"11,455","13,240","3,975","2,315",555,"1,510","2,905",215,15,25,"8,525",305,85,130,20,455,-,130,600,85,225,"2,200",510,95,20,15,15,"2,670","1,650",105,270,"1,735",90,50,390,"94,590",..,..,..,..,..,"2,890",210,"3,990",..,..,..,"3,535",..,..,"20,740","1,795",165,0,0,0,0,0,0,0,0,0,0,0,0,0,0,0,0,175,110,0,"1,125","2,570",240,0,320,"29,875",0,"64,715","1,195",170,"2,625",340,0,"3,200",600,"1,100","19,045",0,0,0,..,0,0,0,"3,280",0,0,0,0,900,"253,595","1,361,910",..,0,0,605,55,75,0,455,380,350,..,..,100,..,120,410,135,110,35,815,0,..,..,155,0
904-Gloucestershire,"21,960","29,980","5,160","1,810","2,345","1,605",110,170,25,280,"8,310",385,150,315,65,70,10,575,490,105,435,"2,880",575,"1,250",100,130,165,"3,930","1,290","1,340",830,"2,050",135,45,505,"110,660","2,640",..,..,"11,920","14,970",200,"3,790","6,630",300,..,..,"3,070",..,..,"25,050",..,..,0,0,0,0,0,0,0,0,0,0,0,0,0,0,0,0,0,0,0,0,0,0,0,0,"44,165","2,980","63,520","1,925","1,205","3,500",360,15,"2,695",570,820,"23,660",..,..,..,..,145,270,0,670,..,..,..,..,925,"205,180","3,639,635",..,..,165,460,95,70,30,145,535,115,..,..,..,..,20,165,80,60,25,45,..,610,885,"3,680",0
905-Somerset,"22,390","14,695","1,860","4,560","1,200","1,245",10,35,-,105,"6,635",360,155,425,20,10,10,580,420,140,585,"3,040",675,0,90,105,115,"4,010","1,275",0,895,"2,105",90,60,275,"113,495",0,"3,290","1,385","11,400","7,170","1,975",535,"5,570",0,450,380,"3,050",20,0,"15,020","1,110",430,0,0,0,0,0,0,0,0,0,0,0,0,0,0,0,0,0,0,0,0,0,0,0,0,"49,840",420,"63,235","2,595",205,"2,770",500,0,"2,550",390,"4,845","9,785",..,..,..,..,-,..,..,-,"18,465","2,710","8,025","1,350","1,045","1,384,740","1,652,305",..,..,675,..,155,..,10,..,420,..,-,-,185,140,..,-,..,..,..,..,"1,895",..,..,0,0
906-Isles of Scilly UA,55,45,-,10,-,-,5,0,-,-,30,0,0,0,0,0,0,0,0,0,-,5,0,-,0,0,0,5,0,-,-,-,0,-,-,235,0,0,0,25,0,0,0,0,0,0,0,50,0,0,50,0,0,265,0,0,0,0,0,0,0,0,0,0,0,0,0,0,0,0,0,0,0,0,0,0,0,0,235,0,0,0,0,0,50,0,0,0,50,0,0,0,0,0,0,0,0,30,-,5,0,0,"2,920",0,-,-,0,0,0,0,0,0,0,0,0,0,0,0,0,0,0,0,0,0,20,10,10,50,50
908-Bath and Somerset UA,"4,070","3,450",455,"1,095",330,115,610,-,-,-,"1,385",60,30,145,70,160,5,90,125,30,185,425,115,650,65,135,200,650,430,685,580,600,20,25,110,"31,825",0,550,60,"6,065","5,510",690,175,960,0,10,0,"1,335",5,10,"6,550",165,0,"1,080",0,0,-,375,0,0,0,460,0,0,10,0,0,0,0,355,0,0,"2,040",0,0,0,195,"16,855","4,165","10,805",405,25,530,340,35,960,110,330,"6,110","5,975",905,"3,510","4,700",0,0,0,370,"1,290",140,"1,130",95,250,"145,160","278,385",320,-,30,20,35,20,60,70,170,145,35,..,45,..,0,35,15,5,-,0,..,380,"1,345",0,"1,140"
909-Bristol UA,"10,285","6,210","1,115","2,050",860,"1,870","1,425",405,40,130,"7,870",335,115,280,130,455,20,260,335,40,340,"2,205",495,680,45,40,30,"2,945","1,405",735,455,"1,365",75,115,255,"74,030",..,..,..,..,..,..,..,"3,310",..,..,..,"5,945",..,..,"15,660",..,..,"1,780",0,0,0,305,0,0,0,260,0,0,0,0,0,0,0,"2,550",105,0,"5,015","1,410",20,0,"1,890","30,900","17,995","25,135","1,645",0,"1,665","1,930",0,"4,015",495,605,"14,555",..,..,..,..,..,..,..,..,..,..,..,..,775,"296,545","1,376,415",..,..,250,95,0,60,0,25,650,115,..,..,..,..,0,40,20,5,-,55,..,..,..,0,"2,960"
910-North Somerset UA,"5,610","7,885","1,195",200,535,325,435,30,10,-,"2,505",165,45,125,10,10,5,30,165,75,210,995,275,350,50,85,120,"1,200",530,360,465,"1,025",50,50,200,"50,930",..,..,..,..,..,..,..,"2,840",..,..,..,"3,565",..,..,"10,950",..,..,0,0,0,0,0,0,0,0,0,0,0,0,0,0,0,0,0,0,0,70,0,0,0,0,"20,365",815,"29,750","1,580",0,"1,260",730,0,"2,835","1,385",0,"9,565",..,..,..,..,..,..,..,..,..,..,..,..,300,"58,235","623,925",..,..,45,135,0,50,40,35,0,210,15,-,115,0,0,20,5,-,-,30,"2,645",..,..,0,"1,775"
911-South Gloucestershire UA,"7,100","11,425","1,905",800,725,515,35,155,10,-,"2,355",105,90,205,-,20,20,-,165,110,335,955,345,495,35,45,40,"1,070",615,515,455,720,25,10,170,"38,760",0,990,815,"8,750","3,720","1,885",25,"1,290",0,75,15,470,5,-,"8,725",685,120,"3,165",0,0,0,0,0,0,0,0,0,0,0,0,0,0,0,"4,190",0,0,"3,425",50,0,0,130,"13,795","9,805","15,155",965,0,325,110,0,360,240,0,"8,485",..,..,..,..,0,-,0,390,..,..,..,..,370,"99,235","427,620",..,10,315,340,35,115,-,45,120,265,..,..,..,..,-,85,35,25,-,45,..,635,"3,200",0,"2,010"
912-Devon,"20,175","20,670","1,965","4,040","1,785","1,940","1,665",170,15,55,"10,325",485,380,400,65,80,50,115,910,245,695,"4,310","1,500","1,365",135,220,325,"4,985","2,895","1,455","1,380","3,270",180,115,585,"149,775","4,470","3,240","2,400","34,500","8,760","7,905",700,"7,815",240,375,420,"10,780",155,390,"35,185","1,175",190,"3,180",-,0,0,"21,650",105,70,10,"6,210",135,0,0,0,0,0,25,-,0,-,0,0,0,0,0,"31,205","26,235","92,335","2,510",330,"4,975",845,0,"9,930","1,065",875,"33,250",..,..,..,..,95,115,210,"3,785",..,..,..,..,"1,245","375,195","1,657,475",640,200,900,670,105,295,5,55,470,550,..,..,..,..,0,0,0,0,0,0,"7,450",..,..,"8,220",0
913-Plymouth UA,"7,695","4,895",955,"1,085",615,860,20,60,145,30,"3,100",255,95,215,30,55,55,190,240,135,420,"1,550",395,460,90,190,190,"2,035",785,505,890,870,55,50,215,"47,600",..,..,..,"14,035","1,785","1,280",0,"3,095",..,..,..,"3,290",..,..,"13,030",..,..,240,0,0,0,"3,520",0,0,0,325,0,0,0,0,0,0,0,0,0,0,0,0,0,0,0,"9,670","4,285","33,650","1,295",0,"1,800",300,0,"2,990",0,835,"12,195",..,..,..,..,105,5,90,315,0,0,0,0,750,"71,845","1,031,735","21,555",..,20,425,65,35,0,45,100,145,..,..,..,..,-,515,120,90,15,-,"4,050",15,..,315,"1,965"
914-Torbay UA,"5,215","3,365",630,775,325,320,395,15,10,45,"1,585",135,25,100,75,5,5,80,235,65,200,835,270,235,40,40,50,"1,155",545,255,330,630,25,70,130,"35,430",0,"1,510",800,"10,420",200,"1,650",0,"2,155",0,85,35,"3,615",65,85,"8,090",15,0,0,0,0,0,"7,230",5,50,55,"1,170",50,0,0,0,0,0,0,0,0,0,0,0,0,0,0,"5,280",0,"30,150",490,0,"1,665",0,0,"3,615",140,820,"7,125",0,385,0,"3,775",210,0,0,415,-,0,255,0,230,..,..,0,..,230,440,0,90,0,25,125,120,..,..,45,..,0,160,45,20,-,35,0,260,410,"1,090",0
TOTAL England,"1,298,795","1,275,955","204,970","174,340","117,080","100,070","87,780","9,910","6,865","6,425","484,465","35,195","12,865","34,320","12,405","17,955","6,695","28,915","44,640","20,815","62,585","260,790","72,080","59,890","17,100","24,930","27,595","337,735","147,855","64,580","130,900","150,260","8,115","9,770","26,505","9,289,240","104,310","154,930","158,705","1,086,625","407,015","176,245","32,920","476,070","4,200","11,570","18,405","586,670","4,810","18,940","1,696,255","46,885","38,570","87,320",490,15,380,"324,490","2,790","3,060","4,415","111,830","2,440","1,000",280,"5,930",105,830,"4,660","53,385","2,440","15,450","167,005","36,405","4,820","4,925","9,370","2,786,945","837,180","5,665,120","181,055","12,155","282,855","104,620","7,890","474,165","82,615","126,640","1,486,995","311,865","33,530","85,505","411,460","11,560","3,785","6,530","84,785","107,880","22,220","35,095","13,290","113,795","28,881,005","154,359,250","241,330","16,560","46,895","41,605","10,355","7,150","12,470","11,975","41,085","20,680",820,"2,130","4,890",565,310,"29,100","8,950","6,790","2,700","19,580","281,855","76,650","185,305","239,610","107,940"
,,,,,,,,,,,,,,,,,,,,,,,,,,,,,,,,,,,,,,,,,,,,,,,,,,,,,,,,,,,,,,,,,,,,,,,,,,,,,,,,,,,,,,,,,,,,,,,,,,,,,,,,,,,,,,,,,,,,,,,,,,,,,,,,,
Note,,,,,,,,,,,,,,,,,,,,,,,,,,,,,,,,,,,,,,,,,,,,,,,,,,,,,,,,,,,,,,,,,,,,,,,,,,,,,,,,,,,,,,,,,,,,,,,,,,,,,,,,,,,,,,,,,,,,,,,,,,,,,,,,,
- means greater than 0 and less than or equal to 5,,,,,,,,,,,,,,,,,,,,,,,,,,,,,,,,,,,,,,,,,,,,,,,,,,,,,,,,,,,,,,,,,,,,,,,,,,,,,,,,,,,,,,,,,,,,,,,,,,,,,,,,,,,,,,,,,,,,,,,,,,,,,,,,,
.. means data is missing,,,,,,,,,,,,,,,,,,,,,,,,,,,,,,,,,,,,,,,,,,,,,,,,,,,,,,,,,,,,,,,,,,,,,,,,,,,,,,,,,,,,,,,,,,,,,,,,,,,,,,,,,,,,,,,,,,,,,,,,,,,,,,,,,
All data is rounded to the nearest 5.,,,,,,,,,,,,,,,,,,,,,,,,,,,,,,,,,,,,,,,,,,,,,,,,,,,,,,,,,,,,,,,,,,,,,,,,,,,,,,,,,,,,,,,,,,,,,,,,,,,,,,,,,,,,,,,,,,,,,,,,,,,,,,,,,
