"Personal Social Services Expenditure and Unit Cost - England and Councils with Adult Social Services Responsibilites tables, 2011-12: Activity Data, Final Results",,,,,,,,,,,,,,,,,,,,,,,,,,,,,,,,,,,,,,,,,,,,,,,,,,,,,,,,,,,,,,,,,,,,,,,,,,,,,,,,,,,,,,,,,,,,,,,,,,,,,,,,,,,,,,,,,,,,,,,,,,,,,,,
,"ASSESSMENTS, REVIEWS AND SERVICES",,,,,,,,,,,,,,,,,,,,,,,,,,,,,SUPPORTED RESIDENTS,,,,,,,,,,,,,,,,,,,,,,,,,,,,,,,,,,,,,,,,,,,,,,,,,,,,,,,,,,PEOPLE IN SUPPORTED AND OTHER ACCOMMODATION,,,,,,,,,,,,HOME CARE,,,,,DAY CARE / DAY SERVICES,,,,,,,,,,,,"DIRECT PAYMENTS - Carers, caring for adults",,,,,,EQUIPMENT AND ADAPTATIONS,,,OTHER,
,"Overall total of existing clients with completed reviews (RAP A1 Page 1, Box 1)",Reviews completed between 1 April 2011 and 31 March 2012,,,,People with completed assessments in 2011-12,,,,,,People receiving services at 31 March 2012,,,,,,,,,,,,,,,,,,Numbers of people resident in residential or nursing care (both permanent and temporary) at 31st March excluding full cost paying residents and residents wholly funded under Section 256 [formerly Section 28a],,,,Number of weeks spent in residential and nursing care (both permanent and temporary) excluding full cost paying residents and residents wholly funded under Section 256 [formerly Section 28a] during the year,,,,,,,,,,,,,,,,,,Full cost paying residents: Number of weeks spent in LA residential homes (both permanent and temporary placements) by residents whose full costs are included under expenditure (and income),,,,Full cost paying residents: Number of weeks spent in residential homes provided by others (both permanent and temporary placements) by residents whose full costs are included under expenditure (and income),,,,Full cost paying residents: Number of weeks spent in nursing homes (both permanent and temporary placements) by residents whose full costs are included under expenditure (and income),,,,Residents wholly funded under Section 256 [formerly Section 28a] : Number of weeks spent in LA residential homes (both permanent and temporary placements),,,,Residents wholly funded under Section 256 : Number of weeks spent in residential homes provided by others (both permanent and temporary placements),,,,Residents wholly funded under Section 256 : Number of weeks spent in nursing homes (both permanent and temporary placements),,,,Number of weeks supported residents spent in residential and nursing care (both permanent and temporary):,,,,,,,,,,,,Number of supported weeks over year:,Supported living / group homes,,,Adult Placement settings (including for respite care),,,,Number of people supported during year through Community Support Services:,,,,Number of clients receiving homecare of more than 10 hours AND 6 or more visits per week,Actual hours of home care provided during the year:,,Number of people supported during the year with:,,Number of day care or day services clients per week on average during the year,,,,,,,,Numbers of clients supported during the year in day care or day services with a view to employment,,,,Carers receiving direct payments during year,,,,,,Numbers of clients who have received one or more prescriptions in the year  ,Telecare,,"Total number of meals per week, on average during the year:",
,,Number of completed reviews of clients aged 65 and over,Number of completed reviews of clients aged 18-64 with a Physical disability,Number of completed reviews of clients aged 18-64 with Mental health needs,Number of completed reviews of clients aged 18-64 with a Learning disability,"Physical disability, 18-64, completed assessments (RAP A7 Page 2, column 1, sum of rows 1-5)","Mental health, 18-64, completed assessments (RAP A7 Page 2, column 2, sum of rows 1-5)","Learning disability, 18-64, completed assessments (RAP A7 Page 2, column 3, sum of rows 1-5)","Substance misuse, 18-64, completed assessments (RAP A7 Page 2, column 4, sum of rows 1-5)","Other vulnerable people, 18-64, completed assessments (RAP A7 Page 2, column 5, sum of rows 1-5)","All clients aged 65 and over, completed assessments (RAP A7 Page 1, column 2, row 6)","Physical disability, 18-64, Home care (RAP P2s Page 1, column 2, row 1)","Physical disability, 18-64, Day care (RAP P2s Page 1, column 3, row 1)","Physical disability, 18-64, Direct payments (RAP P2s Page 2, column 1, row 1)","Mental health, 18-64, Home care (RAP P2s Page 1, column 2, row 6)","Mental health, 18-64, Day care (RAP P2s Page 1, column 3, row 6)","Mental health, 18-64, Direct payments (RAP P2s Page 2, column 1, row 6)","Learning disability, 18-64, Home care (RAP P2s Page 1, column 2, row 8)","Learning disability, 18-64, Day care (RAP P2s Page 1, column 3, row 8)","Learning disability, 18-64, Direct payments (RAP P2s Page 2, column 1, row 8)","Total 18-64, Direct payments (RAP P2s Page 2, column 1, row 11)","Total 65 and over, Home care (RAP P2s Page 3, column 2, row 11)","Total 65 and over, Day care (RAP P2s Page 3, column 3, row 11)","Total 65 and over, Meals (RAP P2s Page 3, column 4, row 11)","Total 65 and over, Direct payments (RAP P2s Page 4, column 1, row 11)","Total all ages, Home care (sum of RAP P2s Pages 1 and 3, column 2, row 11)","Total all ages, Day care (sum of RAP P2s Pages 1 and 3, column 3, row 11)","Total all ages, Meals (sum of RAP P2s Pages 1 and 3, column 4, row 11)","Total all ages, Direct payments (sum of RAP P2s Pages 2 and 4, column 1, row 11)",Residents aged 65 and over,Residents aged 18-64 with a Physical disability,Residents aged 18-64 with Mental Health needs,Residents aged 18-64 with a Learning disability,Residents aged 65 and over,of which:  Rehabilitation / Intermediate care,Respite Care,Short term care,Older People aged 65 or over with Mental health needs,,Older People Aged 65 or over with a Learning disability,,Residents aged 18-64 with a Physical disability,,,,Residents aged 18-64 with Mental health needs,,,Residents aged 18-64 with a Learning disability,,,Residents aged 65 and over,Residents aged 18-64 with a Physical disability,Residents aged 18-64 with Mental health needs,Residents aged 18-64 with a Learning disability,Residents aged 65 and over,Residents aged 18-64 with a Physical disability,Residents aged 18-64 with Mental Health needs,Residents aged 18-64 with a Learning disability,Residents aged 65 and over,Residents aged 18-64 with a Physical disability,Residents aged 18-64 with Mental Health needs,Residents aged 18-64 with a Learning disability,Residents aged 65 and over,Residents aged 18-64 with a Physical disability,Residents aged 18-64 with Mental Health needs,Residents aged 18-64 with a Learning disability,Residents aged 65 and over,Residents aged 18-64 with a Physical disability,Residents aged 18-64 with Mental Health needs,Residents aged 18-64 with a Learning disability,Residents aged 65 and over,Residents aged 18-64 with a Physical disability,Residents aged 18-64 with Mental Health needs,Residents aged 18-64 with a Learning disability,Residents aged 65 and over in nursing placements,Residents aged 65 and over in own provision residential placements,Residents aged 65 and over in residential placements provided by others,Residents aged 18-64 with a Physical disability in nursing placements,Residents aged 18-64 with a Physical disability in own provision residential placements,Residents aged 18-64 with a Physical disability in residential placements provided by others,Residents aged 18-64 with Mental health needs in nursing placements,Residents aged 18-64 with Mental health needs in own provision residential placements,Residents aged 18-64 with Mental health needs in residential placements provided by others,Residents aged 18-64 with a Learning disability in nursing placements,Residents aged 18-64 with a Learning disability in own provision residential placements,Residents aged 18-64 with a Learning disability in residential placements provided by others,Older People in Extra Care Housing,People aged 18-64 with a Physical disability,People aged 18-64 with Mental health needs,People aged 18-64 with a Learning disability,People aged 65 and over,People aged 18-64 with a Physical disability,People aged 18-64 with Mental health needs,People aged 18-64 with a Learning disability,People aged 65 and over,People aged 18-64 with a Physical disability,People aged 18-64 with Mental health needs,People aged 18-64 with a Learning disability,,Provided by the council,Provided by the independent sector,Rehabilitation / re-enablement / intermediate care home care ,Live in Home Care,"Clients aged 65 and over, own provision","Clients aged 65 and over, provision by others","Clients aged 18-64 with a Physical disability, own provision","Clients aged 18-64 with a Physical disability, provision by others","Clients aged 18-64 with Mental health needs, own provision","Clients aged 18-64 with Mental health needs, provision by others","Clients aged 18-64 with a Learning disability, own provision","Clients aged 18-64 with a Learning disability, provision by others",People aged 18-64 with a Physical disability,People aged 18-64 with Mental Health needs,People aged 18-64 with a Learning disability,People aged 18-64 receiving other adult services,Young carers (aged 16-17),Carers aged 18-64,Carers aged 65-74,Carers aged 75-84,Carers aged 85 and over,Carers receiving direct payments at 31 March 2012,,"Numbers of clients newly provided in year with one or more telecare services (incl telecare maintenance) funded, at least in part, by the CASSR ","Numbers of clients at year end with one or more telecare services (incl telecare maintenance) funded, at least in part, by the CASSR ",provided by the independent sector,provided by LA
,,,,,,,,,,,,,,,,,,,,,,,,,,,,,,,,,,,,,,Number of weeks spent in residential care (both permanent and temporary) excluding full cost paying residents and residents wholly funded under Section 256 ,Number of weeks spent in nursing care (both permanent and temporary) excluding full cost paying residents and residents wholly funded under Section 256 ,Number of weeks spent in residential care (both permanent and temporary) excluding full cost paying residents and residents wholly funded under Section 256 ,Number of weeks spent in nursing care (both permanent and temporary) excluding full cost paying residents and residents wholly funded under Section 256 ,,of which:  Rehabilitation / Intermediate care,Respite Care,Short term care,,of which:  Respite Care,Short term care,,of which:  Respite Care,Short term care,,,,,,,,,,,,,,,,,,,,,,,,,,,,,,,,,,,,,,,,,,,,,,,,,,,,,,,,,,,,,,,,,,,,,,,,,,,,
,A1.1,A2.1,A2.2,A2.3,A2.4,A3.1,A3.2,A3.3,A3.4,A3.5,A3.6,A4.1,A4.2,A4.3,A4.4,A4.5,A4.6,A4.7,A4.8,A4.9,A4.10,A4.11,A4.12,A4.13,A4.14,A4.15,A4.16,A4.17,A4.18,B1,B2,B3,B4,C1,C1.1,C1.2,C1.3,C2.1,C2.2,C3.1,C3.2,C4,C4.1,C4.2,C4.3,C5,C5.2,C5.3,C6,C6.2,C6.3,C7.1,C7.2,C7.3,C7.4,C8.1,C8.2,C8.3,C8.4,C9.1,C9.2,C9.3,C9.4,C10.1,C10.2,C10.3,C10.4,C11.1,C11.2,C11.3,C11.4,C12.1,C12.2,C12.3,C12.4,D1.1,D1.2,D1.3,D1.4,D1.5,D1.6,D1.7,D1.8,D1.9,D1.10,D1.11,D1.12,E1,E2.1,E2.2,E2.3,E3.1,E3.2,E3.3,E3.4,E4.1,E4.2,E4.3,E4.4,F1.1,F2.1,F2.2,F3.1,F3.2,G1.1,G1.2,G1.3,G1.4,G1.5,G1.6,G1.7,G1.8,G2.1,G2.2,G2.3,G2.4,H3.1,H3.2,H3.3,H3.4,H3.5,H4,I1,I2.1,I2.2,J1.1,J1.2
102-Cumbria,"13,060","21,515","3,325",720,"1,955",955,690,45,0,30,"4,015",395,185,420,100,290,45,475,770,270,745,"2,900",950,570,"1,420","3,875","2,205",600,"2,165","1,860",50,30,220,"97,320",..,..,..,..,..,..,..,"2,650",..,..,..,"1,845",..,..,"10,740",..,..,"12,920",50,0,0,"13,495",50,0,130,"6,605",105,25,0,0,0,0,0,310,0,"1,455",0,0,0,0,0,"23,815","29,040","44,460","1,340",210,"1,105",270,90,"1,485","1,365","1,610","7,765","14,665",585,90,"12,545",0,0,0,170,..,..,..,..,"2,025","515,580","2,790,425",..,..,510,570,300,345,125,145,240,275,..,..,..,..,0,0,0,0,0,0,..,565,335,65,"1,955"
104-Northumberland UA,"8,050","11,965","1,640",900,"1,855",670,320,60,0,0,"3,500",265,40,100,95,285,15,210,380,105,220,"1,805",465,60,190,"2,375","1,170",60,410,"1,300",45,60,240,"65,325",0,0,"1,480","26,385","3,725","4,480",165,"2,355",0,0,100,"2,995",0,25,"12,365",0,220,50,0,0,10,"15,475",75,485,425,"3,940",85,65,0,0,0,0,0,0,0,0,0,0,0,0,0,"14,285",855,"50,185",655,0,"1,700",385,0,"2,610",35,780,"11,545",..,..,..,..,440,0,60,"1,915",..,..,..,..,980,"53,195","1,403,390",..,..,60,480,0,40,0,295,275,220,..,..,..,..,0,5,5,0,0,..,..,..,..,235,0
106-Gateshead,"3,775","5,510",485,185,345,410,125,40,30,55,"1,790",110,30,150,35,50,20,140,145,80,255,935,150,225,110,"1,235",375,235,365,"1,000",50,50,155,"50,135","3,225","1,130",530,"12,545","3,160",965,95,"3,060",50,625,280,"1,790",45,90,"8,955",620,230,0,0,0,0,0,0,0,0,0,0,0,0,0,0,0,0,0,0,0,0,0,0,0,0,"12,160","3,675","34,300","1,115",70,"1,875",270,25,"1,495",200,65,"8,685",..,..,..,..,..,..,..,..,..,..,..,..,425,"176,900","667,915",..,..,75,85,10,10,20,0,85,30,..,..,..,..,0,10,0,0,0,..,..,..,..,0,"1,060"
107-Newcastle upon Tyne,"7,325","7,595",995,455,575,590,80,25,35,15,"2,140",285,45,210,120,40,50,445,130,230,490,"1,695",390,190,220,"2,555",605,205,715,"1,260",55,75,60,"63,315",525,430,"2,170","10,440","5,850",685,305,"2,830",15,50,65,"3,890",80,690,"3,285",135,70,0,0,0,0,0,0,0,0,0,0,0,0,0,0,0,0,"1,180",0,375,495,400,0,730,0,"22,345","2,220","38,750","1,350",30,"1,450","1,870",660,"1,360",350,135,"2,800","3,385",0,0,0,0,0,0,685,"5,265","1,165",575,705,"1,040","219,425","2,393,835","1,875",0,95,355,5,45,5,35,135,30,..,..,..,..,0,435,105,75,25,470,..,700,"2,740",0,860
108-North Tyneside,"3,080","5,700",630,680,645,370,175,30,25,25,"1,435",125,25,85,10,90,15,15,190,155,255,"1,080",180,0,60,"1,230",485,0,315,920,35,55,185,"43,175","3,285","1,380","2,495","10,530","3,760","1,135",70,"1,620",0,5,105,"1,345",0,105,"6,710",565,165,0,0,0,0,0,0,0,0,0,0,0,0,0,0,0,0,0,0,"1,545",0,0,0,0,0,"12,210","2,800","28,165",280,0,"1,335",280,0,"1,065",40,875,"5,795",295,15,5,210,50,30,0,"1,435","2,020",330,450,470,185,"115,655","520,235","1,470",0,40,270,0,25,80,80,95,155,5,50,45,0,10,10,5,0,0,20,0,490,"1,565",0,0
109-South Tyneside,"5,245","9,915",665,255,445,380,240,15,10,0,"1,815",100,35,140,15,0,30,105,210,75,245,"1,100",260,20,125,"1,320",505,25,370,..,..,..,..,"43,465",985,610,..,"9,900","5,445",..,..,"2,130",80,150,..,"3,815",410,..,"3,810",65,..,330,0,0,0,80,0,0,0,50,0,0,0,0,0,0,0,105,0,0,"1,675",0,0,0,0,"12,980","2,295","28,195","1,250",80,800,845,0,"2,970","1,095",0,"2,715",..,..,..,..,..,..,..,..,..,..,..,..,660,"17,965","1,094,135",..,..,290,140,40,0,0,70,130,55,0,0,10,15,0,260,95,55,5,..,..,..,..,65,230
110-Sunderland,"4,540","3,225",445,175,625,820,170,90,100,35,"3,840",215,20,175,20,60,25,145,245,195,395,"1,575",290,0,455,"1,960",615,0,855,"1,100",40,30,150,"60,805","2,040","2,335",200,"7,375","3,050","1,645",175,"2,165",0,345,345,"1,430",10,35,"8,605",745,410,0,0,0,0,"1,605",0,15,25,410,0,0,0,0,0,0,0,0,0,0,0,0,0,0,0,"15,460","2,385","42,960",975,260,925,895,0,535,175,"2,020","6,415","7,010",..,..,..,0,0,0,"1,075",..,..,..,..,740,"164,675","895,110",..,..,55,275,5,10,60,5,215,40,..,..,..,..,0,15,10,15,15,35,0,"2,775","18,980",0,930
111-Hartlepool UA,"3,485","3,265",775,360,355,345,5,15,0,0,930,80,30,130,5,0,35,50,140,115,280,540,170,0,95,675,345,0,375,..,..,..,..,"23,310",..,..,..,..,..,..,..,745,..,..,..,"1,730",..,..,"1,730",..,..,0,0,0,0,"5,690",0,40,0,845,0,0,0,0,0,0,0,455,0,0,600,20,0,50,0,"4,650",0,"18,660",75,0,670,665,0,"1,065",85,0,"1,645",..,..,..,..,..,..,..,..,..,..,..,..,300,"38,160","258,810",..,..,40,155,25,0,0,0,160,0,..,..,..,..,0,80,20,20,5,..,..,..,..,0,0
112-Middlesbrough UA,"5,090","4,385",610,"1,025",540,190,750,10,50,25,540,210,40,150,60,55,35,265,255,200,385,760,265,0,185,"1,300",620,0,570,65,50,70,120,"37,290",835,755,"1,415","9,185","3,345","1,110",190,"2,610",65,65,450,"3,325",10,590,"5,840",210,5,0,0,0,0,"2,255",0,10,0,560,0,0,0,0,0,0,0,105,0,0,105,0,0,0,105,"7,365",835,"29,085",475,130,"2,005",630,530,"2,165",700,490,"4,650",..,50,0,"6,160",0,0,0,0,5,0,15,50,390,"18,675","860,845",..,125,255,10,30,25,65,0,160,85,..,..,..,..,0,20,5,0,0,25,..,210,260,0,0
113-Redcar and Cleveland UA,"4,230","3,895",795,340,265,335,135,25,0,5,"1,245",140,20,165,20,20,40,80,135,195,400,885,220,10,205,"1,125",395,10,605,..,..,..,..,"40,350",..,..,..,..,..,..,..,"1,450",..,..,..,"3,380",..,..,"5,815",..,..,0,0,0,0,0,0,0,0,0,0,0,0,0,0,0,0,0,0,0,0,0,0,0,0,"9,390",0,"30,955",325,0,"1,120","1,275",0,"2,105",525,700,"4,590",50,..,..,..,..,..,..,..,..,..,..,..,530,"56,920","723,475",..,..,145,55,0,0,0,120,305,0,..,..,..,..,0,90,35,20,5,..,..,..,..,275,0
114-Stockton-on-Tees UA,"5,680","5,975","1,445",285,610,585,90,40,0,40,"2,070",175,30,160,40,45,20,60,180,115,295,795,165,0,150,"1,080",420,0,445,890,30,50,135,"45,445",0,785,"4,785","10,490","4,495",225,0,"1,555",0,70,710,"1,840",105,660,"6,255",130,335,0,0,0,0,0,0,0,0,0,0,0,0,0,0,0,0,155,10,0,325,0,0,0,0,"10,395",775,"34,270",665,80,810,195,435,"1,210",240,410,"5,605",..,..,..,..,..,..,..,180,..,..,..,..,385,"48,055","519,775",..,..,180,0,20,5,50,0,155,85,..,..,..,..,0,5,0,0,0,5,..,15,140,0,0
116-Durham UA,"14,430","15,940","2,255","2,065","1,980","1,020","2,425",50,215,0,"4,250",420,185,315,90,105,65,245,"1,010",345,735,"3,355",960,0,560,"4,375","2,470",0,"1,295",..,..,..,..,"134,030",..,..,..,..,..,..,..,"5,605",..,..,..,"6,755",..,..,"15,795",..,..,"1,385",0,0,0,"5,495",25,0,0,880,110,55,40,0,0,0,0,0,0,0,0,0,0,0,0,"29,695","4,635","99,705","2,065",0,"3,540","2,070",0,"4,685","1,005",625,"14,160",..,..,..,..,..,..,..,..,..,..,..,..,"2,115","188,640","1,721,185",..,..,240,700,110,55,0,105,595,595,..,..,..,..,0,105,30,10,0,..,..,..,..,0,0
117-Darlington UA,"2,815","3,360",630,380,125,180,155,170,100,15,835,85,25,95,20,0,15,90,120,135,245,535,110,25,70,740,330,30,320,600,25,10,30,"30,385",..,..,..,..,..,..,..,"1,360",..,..,..,860,..,..,"2,275",175,..,0,0,0,0,0,0,0,0,0,0,0,0,0,0,0,0,50,0,0,50,0,0,0,0,"5,125",0,"25,255",320,0,"1,040",340,0,520,50,175,"2,050",..,..,..,..,..,..,..,..,..,..,..,..,300,"61,245","468,905",..,..,15,95,0,30,0,0,115,15,0,0,50,0,0,0,0,0,0,25,..,..,..,80,0
204-Barnsley,"4,725","4,350",375,"1,240",555,125,575,80,0,30,"1,305",125,30,80,35,85,15,140,190,135,235,"1,180",240,0,125,"1,490",545,0,360,900,20,65,80,"58,795",..,..,..,..,..,..,..,785,..,..,..,"4,445",..,..,"3,855",..,..,0,0,0,0,0,0,0,0,0,0,0,0,0,0,0,0,0,0,0,0,0,0,0,0,"9,280",0,"49,520",340,0,450,185,0,"4,260",405,0,"3,450",..,..,..,"6,195",130,..,..,"3,620",..,..,..,..,985,"203,660","866,000",640,..,15,265,0,30,0,80,125,70,..,..,..,..,0,165,35,10,0,210,..,..,..,0,0
205-Doncaster,"6,050","3,860",540,"1,015",625,180,925,90,0,10,"1,360",175,70,215,40,40,5,285,320,120,335,"1,585",535,0,110,"2,095",970,0,440,"1,155",80,20,115,"64,290",..,..,..,"20,365","4,310","1,025",95,"3,980",..,..,..,810,..,..,"9,385",..,..,"1,305",105,0,80,"6,110",160,0,105,"2,110",70,0,0,"2,010",0,0,0,0,0,0,0,0,0,0,0,"12,510","10,040","41,745","1,475",835,"1,665",230,65,520,40,"1,440","7,900",..,..,..,..,..,..,..,..,..,..,..,..,780,"101,680","725,960",..,..,330,110,40,15,0,40,345,120,..,..,..,..,0,145,30,10,5,..,..,..,..,0,0
206-Rotherham,"7,470","6,970",905,"1,225",690,745,"1,530",50,10,0,"2,740",195,40,200,25,30,155,100,265,115,470,"1,315",235,0,185,"1,635",575,0,655,985,35,50,170,"55,045","1,755","1,075","1,560","14,630","3,950",665,690,"1,800",0,55,55,"2,595",5,0,"8,880",860,0,345,0,0,0,"5,830",55,55,0,"1,380",25,0,25,0,0,0,0,0,0,0,0,0,0,0,0,"10,680","4,400","39,965",690,5,"1,110",425,0,"2,175","1,750","1,460","5,670",..,..,..,..,..,..,..,..,..,..,..,..,590,"110,940","727,175",..,..,330,0,0,50,120,20,420,25,..,..,..,..,0,5,0,0,0,..,..,..,..,0,0
207-Sheffield,"7,745","5,460",635,"2,440",490,600,"1,405",125,5,15,"3,135",360,110,495,275,260,110,420,380,500,"1,115","2,915",575,0,650,"3,985","1,330",0,"1,765","1,655",75,125,285,"90,930","1,600","6,690",430,"15,455","4,260","2,105",625,"3,550",20,625,0,"6,725","2,040",0,"14,640","1,390",0,85,0,0,0,710,0,0,0,545,0,0,0,0,0,0,0,0,0,0,0,0,0,0,0,"26,190","3,780","60,960","1,735",25,"1,790",630,0,"6,095","2,090",0,"12,550",..,..,..,..,..,..,..,..,..,..,..,..,"1,345","791,395","1,529,705",..,..,90,460,55,45,0,295,315,100,5,0,110,0,0,60,30,25,15,130,..,..,..,0,0
209-Bradford,"7,865","7,030",890,840,405,655,235,185,5,10,"3,380",415,180,125,50,175,40,360,655,235,320,"2,475",480,0,105,"3,250","1,485",0,505,"1,570",170,50,185,"82,090",0,220,"11,470","11,750","4,215","2,090",990,"6,730",0,25,635,"5,295",0,35,"13,080",10,205,230,0,0,0,"7,700",135,0,0,"1,610",105,0,50,0,0,0,0,0,0,0,0,0,0,0,0,"22,645","15,395","44,050","1,570",0,"5,160","2,070",0,"3,225","4,965",0,"8,115","14,610",885,"17,210","9,310",195,155,50,"1,165","7,670","1,830","1,355","1,080","1,145","291,565","1,120,185","1,845","5,200",510,200,170,0,0,200,0,725,0,210,45,0,0,190,135,155,40,520,"9,370","1,200","1,345",0,0
210-Calderdale,"7,260","4,850",360,800,625,145,10,85,0,15,"1,100",70,35,205,10,225,15,155,215,95,310,915,310,125,180,"1,150",780,125,490,..,..,..,..,"36,585",..,"1,060",515,"4,905","2,350",660,50,"1,785",..,305,135,545,0,30,"4,300",580,50,220,0,0,0,"5,280",10,0,0,220,50,0,0,0,0,0,0,0,0,0,0,0,0,0,0,"11,200","1,490","23,895","1,150",0,635,280,0,265,970,0,"3,330",..,..,"3,395","10,285",35,0,40,690,..,..,..,..,370,"97,895","868,860",885,..,230,125,0,75,225,0,105,175,..,..,15,..,0,95,30,60,0,185,..,"1,010","1,420",500,0
211-Kirklees,"11,630","8,220","1,365","1,355",675,255,160,55,5,10,"2,475",240,30,320,5,855,90,45,430,305,720,"1,870",425,0,415,"2,485","1,740",0,"1,135","1,120",60,45,210,"64,350",605,785,"1,250","12,970","3,365","2,215",615,"3,500",30,155,340,"2,340",0,65,"11,565",430,245,905,5,0,0,"10,280",110,0,225,"1,325",70,20,0,0,0,0,0,0,0,0,0,0,0,0,0,"16,310","4,160","43,880","1,345",55,"2,100",585,55,"1,705",895,795,"9,875",..,..,..,..,..,..,..,..,..,..,..,..,700,"208,375","791,660",..,..,250,435,25,5,325,"1,000",285,155,..,..,..,..,0,265,60,80,25,430,"6,400","1,175","4,235",0,0
212-Leeds,"10,570","12,930","1,000",345,"1,400","1,530",105,90,10,50,"5,570",350,205,465,70,130,70,735,830,200,760,"2,630","1,205",640,635,"3,800","2,385",690,"1,395","2,385",120,145,295,"138,995",850,"1,825","6,550","32,880","14,285","2,425",575,"6,795",25,95,635,"7,575",5,215,"15,100",775,"1,045",0,0,0,0,0,0,0,0,0,0,0,0,0,0,0,0,0,0,0,0,0,0,0,0,"46,765","22,930","69,300","3,145",95,"3,560","3,235",0,"4,340",705,860,"13,535",..,..,..,..,..,..,..,..,..,..,..,..,"1,455","695,645","1,794,915",..,..,"1,195",75,195,10,135,5,740,210,..,..,..,..,15,400,65,40,15,..,..,..,..,0,"2,175"
213-Wakefield,"7,555","5,630","1,050",600,820,290,25,45,0,150,"2,245",100,25,165,15,0,25,225,320,115,325,"1,540",215,180,235,"1,880",565,195,560,"1,020",60,35,185,"62,310",..,..,..,..,..,..,..,"3,445",..,..,..,"1,865",..,..,"10,365",..,..,0,0,0,0,0,0,0,0,0,0,0,0,0,0,0,0,0,0,0,0,0,0,0,0,"12,185","4,235","45,885",835,0,"2,605",110,0,"1,755",0,350,"10,015",..,..,..,..,175,50,0,"2,040",..,..,..,..,755,"486,180","1,191,195",..,..,200,40,5,25,50,0,220,115,..,..,..,..,0,300,70,30,10,25,"5,475",..,..,920,0
214-East Riding of Yorkshire UA,"6,825","5,010",460,"1,710",665,685,340,35,25,0,"3,560",160,30,265,40,10,50,185,310,160,475,"1,485",210,0,165,"1,870",560,0,645,..,..,..,..,"88,345",..,..,..,..,..,..,..,"2,990",..,..,..,"4,310",..,..,"16,885",..,..,520,0,0,30,"16,300",50,50,0,"1,490",15,0,0,170,0,0,535,"1,940",240,45,575,"4,640",695,210,120,"8,640","3,550","76,155",875,0,"2,115",500,0,"3,810",385,"1,345","15,150",..,..,..,..,..,..,..,..,..,..,..,..,795,"71,340","941,280",..,..,240,70,55,5,10,0,355,60,..,..,..,..,0,800,375,285,85,"1,540",..,..,..,0,0
215-Kingston upon Hull UA,"5,755","6,930","1,830",215,540,870,60,80,70,35,"2,600",145,45,235,20,5,20,70,195,125,380,"1,100",120,175,145,"1,345",370,195,525,..,..,..,..,"73,485","1,270","1,785","3,715","12,925",165,"1,370",0,"3,905",150,175,530,"6,400",75,150,"9,660",770,240,0,0,0,0,"2,010",0,0,50,150,0,0,0,665,5,0,125,"4,395",125,110,510,"3,960",450,0,155,"3,580","3,485","66,415","1,355",255,"2,290",430,0,"5,970",170,"1,845","7,645",..,..,..,..,..,..,..,..,..,..,..,..,545,"113,775","931,370",..,..,135,15,50,15,5,0,145,100,..,..,..,..,0,495,125,90,10,..,..,..,..,0,"1,090"
216-North East Lincolnshire UA,"4,575","5,505",840,840,430,235,"1,275",15,0,15,"1,105",140,15,100,10,0,75,50,135,70,245,"1,200",145,350,70,"1,405",290,390,315,..,..,..,..,"34,650",..,..,..,..,..,..,..,"1,490",..,..,..,"2,060",..,..,"5,540",..,..,0,0,0,0,0,0,0,0,0,0,0,0,0,0,0,0,0,0,0,0,0,0,0,0,"1,995","2,195","30,460",85,165,"1,235",425,30,"1,605","1,135",0,"4,405",..,..,..,..,..,..,..,..,..,..,..,..,555,"41,290","627,590",..,..,190,5,10,5,0,0,165,5,..,..,..,..,0,365,90,50,15,..,..,..,..,0,"1,170"
217-North Lincolnshire UA,"3,610","3,950",680,590,490,260,445,5,0,0,"1,445",75,15,100,5,20,5,45,135,90,200,520,180,145,170,645,350,150,370,..,..,..,..,"39,970",..,..,..,..,..,..,..,"1,675",..,..,..,"2,585",..,..,"3,780",..,..,90,0,0,0,535,0,0,0,15,0,0,0,5,0,0,10,50,50,0,255,145,15,0,0,"4,310","2,420","33,240",360,140,"1,175",950,0,"1,635",295,95,"3,390",..,..,..,..,..,..,..,..,..,..,..,..,275,"38,310","412,510",..,0,215,20,5,5,0,15,150,0,..,..,..,..,0,180,70,45,10,..,..,..,..,0,800
218-North Yorkshire,"17,040","12,180","2,255","1,370","1,215",785,310,80,10,0,"4,915",385,125,310,75,65,75,600,660,195,580,"3,485",855,145,280,"4,555","1,705",170,860,"1,745",80,55,240,"101,175",345,740,"6,000",..,..,..,..,"3,640",0,60,355,"3,230",..,295,"16,095",60,895,"2,500",0,0,50,"7,290",475,325,"1,575","5,000",235,70,175,0,0,0,0,0,0,0,0,0,0,0,0,"34,595","17,865","48,720","1,275",0,"2,360",185,0,"3,050",680,760,"14,655",..,"1,340",170,"16,275",470,80,0,"3,040","13,205","2,330","1,595","1,410","1,390","594,245","1,542,700","2,335",15,..,..,..,..,..,..,..,..,..,..,..,..,0,400,125,90,40,435,"8,940","1,185","2,210",0,0
219-York UA,"6,050","4,610",695,280,415,320,70,30,5,10,"1,155",130,40,125,20,45,5,130,215,95,240,795,45,0,80,"1,075",350,0,315,595,20,40,70,"31,125",190,"1,315",0,"3,555","2,025",685,0,"1,320",0,255,0,"2,235",35,0,"3,985",310,0,"2,870",0,0,0,"1,450",0,0,40,"1,315",0,0,0,0,0,0,0,0,0,0,0,0,0,0,0,"13,310","8,725","9,085",750,60,510,210,35,"1,990",325,230,"3,430","4,185","1,415",0,"5,240",0,0,0,185,10,10,0,70,375,"73,525","357,200",400,0,85,35,20,15,50,5,100,190,0,5,95,95,0,350,145,105,40,0,0,655,"1,265",0,0
304-Bolton,"5,465","5,520",380,"1,325",310,110,125,45,5,5,910,75,35,205,165,45,45,125,165,145,400,660,225,530,420,"1,290",470,530,820,..,..,..,..,"46,870",..,..,..,..,..,..,..,"1,190",..,..,..,"2,485",..,..,"3,475",..,..,115,0,0,0,120,0,0,0,0,0,0,0,0,0,0,0,0,0,0,0,0,0,0,0,"7,015","5,470","34,385",210,10,970,960,180,"1,345",125,250,"3,095",..,..,..,..,..,..,..,..,..,..,..,..,450,"296,740","461,540",..,..,275,75,40,0,5,40,145,20,..,..,..,..,0,290,75,40,10,..,..,..,..,395,"3,050"
305-Bury,"5,120","2,720",465,720,390,525,620,120,745,45,"2,465",0,30,230,0,35,15,0,160,95,355,400,310,270,675,405,505,290,"1,030",605,35,70,55,"32,095",..,..,..,..,..,..,..,"1,680",..,..,..,"3,730",..,..,"3,485",..,..,690,0,0,0,0,0,0,0,0,0,0,0,0,0,0,0,0,0,0,0,0,0,0,0,"5,685","3,585","22,825",400,0,"1,280",545,0,"3,190",105,0,"3,380",..,..,..,..,..,..,..,..,..,..,..,..,205,"51,195","392,655",..,..,400,90,30,5,265,0,150,25,..,..,..,..,0,0,0,0,0,..,..,..,..,0,"1,650"
306-Manchester,"5,800","4,965",770,725,815,550,780,145,700,5,"2,250",325,35,250,395,200,15,355,320,125,390,"1,780",315,340,235,"2,865",875,385,625,"1,360",75,145,95,"74,245",..,..,..,"5,410","2,055",660,110,"3,780",..,..,..,"7,915",..,..,"5,770",..,..,10,0,0,0,"2,790",0,115,205,815,0,55,0,0,0,0,0,0,0,0,0,0,0,0,0,"21,020",325,"52,900","1,685",0,"2,095","2,165",0,"5,750",180,925,"4,670",..,..,..,..,..,..,..,..,..,..,..,..,"1,415","661,650","2,304,200",..,..,165,150,25,10,0,200,265,55,..,..,..,..,10,"2,045",425,240,50,..,0,..,..,"1,330","1,370"
307-Oldham,"3,495","2,530",505,260,185,340,175,20,0,0,"1,270",150,30,380,30,75,80,50,60,360,820,920,155,120,110,"1,150",320,125,930,865,20,35,15,"45,660",0,505,"4,560","11,810","2,465",270,0,"1,190",..,25,475,"1,760",5,475,"1,170",0,75,235,0,0,0,"1,740",0,0,0,355,0,0,0,0,0,0,0,0,0,0,0,0,0,0,0,"6,290","2,810","36,555",355,140,695,410,0,"1,350",245,245,680,..,..,..,..,..,..,..,..,..,..,..,..,425,"92,355","659,060",530,0,195,115,30,0,485,0,60,0,..,..,..,..,5,560,125,65,25,775,"7,590","1,315","5,960",600,120
308-Rochdale,"5,915","6,520",890,655,355,630,125,25,5,0,"1,870",175,15,120,30,25,5,140,230,50,180,"1,140",145,0,85,"1,650",390,0,265,830,45,60,70,"47,155","1,515",455,415,285,160,"3,710",470,"2,545",45,75,65,"3,145",25,25,"4,180",470,0,0,0,0,0,0,0,0,0,0,0,0,0,0,0,0,0,0,0,0,0,0,0,0,0,"8,515","1,600","37,040","1,770",0,775,600,0,"2,545",490,260,"3,430",0,0,0,"19,190",..,..,..,200,..,..,..,..,370,"50,530","592,380","1,430",..,210,10,15,0,100,10,125,120,..,..,..,..,0,155,35,5,0,0,..,..,..,665,0
309-Salford,"5,920","4,130",820,445,450,285,480,30,15,50,"1,695",185,30,165,415,30,40,350,270,115,335,"1,365",260,190,210,"2,350",570,220,545,810,55,70,50,"43,005","3,480","3,155","3,125","8,950","1,960",765,125,"2,245",0,290,50,"3,825",45,85,"2,795",465,65,0,0,0,0,"5,330",10,50,0,"1,160",65,50,0,0,0,0,0,0,0,0,0,0,0,0,0,"9,080","1,170","32,755",815,0,"1,430",610,0,"3,215",565,475,"1,760","11,195","2,300","5,170","11,375",110,165,0,"1,820",75,85,365,65,680,"345,860","1,484,495","1,045",0,215,60,15,15,30,0,275,30,5,210,45,0,0,565,110,50,15,735,0,"1,005","3,225",270,385
310-Stockport,"6,325","7,855",920,"1,440",620,265,705,5,65,10,"1,925",150,50,190,270,150,145,310,275,120,460,"1,495",155,595,250,"2,235",560,630,710,970,45,30,140,"57,430","1,845",975,"2,430","8,500","3,175",470,50,"2,275",5,90,270,"1,775",0,50,"3,895",390,150,0,0,0,0,615,50,0,0,545,0,0,0,0,0,0,0,0,0,0,0,0,0,0,0,"14,245",0,"43,185",920,0,"1,355",405,0,"1,370",100,0,"3,790","11,030","1,305","3,225","11,330",5,0,0,135,115,0,385,100,815,"275,875","873,290","1,300",0,0,155,0,50,0,150,60,215,0,120,115,0,0,125,55,55,40,170,"3,485",275,540,"1,805",0
311-Tameside,"7,325","4,445",875,"1,550",450,"1,100",675,165,5,55,"3,740",135,25,135,"1,445",10,25,195,205,105,260,"1,505",365,255,180,"3,285",605,270,445,..,..,..,..,"45,955",..,..,..,..,..,..,..,"4,805",..,..,..,"1,960",..,..,"2,920",..,..,0,0,0,0,"6,740",35,105,0,"1,090",0,0,0,0,0,0,0,0,0,0,0,0,0,0,0,"15,325",..,..,"1,855",..,..,945,..,..,270,..,..,..,..,..,..,..,..,..,..,..,..,..,..,915,"233,550","570,525",..,..,0,115,70,0,65,170,235,0,..,..,..,..,0,85,20,10,0,..,..,..,..,"1,700",0
312-Trafford,"6,560","10,520","1,410",915,435,565,200,40,5,325,"2,880",125,25,145,75,0,20,45,120,175,360,905,235,95,180,"1,170",385,100,540,..,..,..,..,"37,735",..,..,..,..,..,..,..,"1,430",..,..,..,"1,705",..,..,"4,655",..,..,130,0,0,0,0,0,0,0,0,0,0,0,0,0,0,0,0,0,0,0,0,0,0,0,"15,200","2,105","20,425",680,0,750,0,0,"1,705",260,0,"4,395",..,..,..,..,..,..,..,..,..,..,..,..,445,"100,725","621,440",..,..,65,90,0,0,0,0,20,30,..,..,..,..,5,505,165,110,25,..,..,600,975,520,0
313-Wigan,"5,660","7,260","1,495",225,535,665,85,35,15,15,"2,175",180,80,210,120,105,30,305,390,175,420,"1,250",390,435,160,"1,860",970,465,580,..,..,..,..,"55,875",..,..,..,..,..,..,..,"2,055",..,..,..,"2,295",..,..,"2,855",..,..,510,0,0,55,"3,015",5,55,0,"1,535",0,0,0,0,0,0,0,0,0,0,0,0,0,0,0,"14,990","1,355","39,530",820,345,890,"1,105",0,"1,190",210,"1,535","1,110",..,..,..,..,..,..,..,..,..,..,..,..,690,"490,965","1,764,070",..,..,425,20,80,5,5,115,305,155,..,..,..,..,0,395,130,55,10,35,..,..,..,"3,610",0
315-Knowsley,"3,700","6,165",600,185,430,425,45,45,35,0,"1,565",150,35,140,50,150,15,275,300,145,300,850,140,0,155,"1,335",625,0,455,635,35,45,50,"33,405",..,..,..,..,..,..,..,"2,340",..,..,..,"2,695",..,..,"4,055",..,..,0,0,0,0,"2,200",0,0,0,820,0,0,0,0,0,0,0,515,105,0,5,"6,710",300,240,310,"10,565",0,"22,840",710,0,"1,630","1,320",0,"1,380",295,360,"3,395",..,..,..,..,..,..,..,..,..,..,..,..,675,"226,845","1,733,415",..,..,195,120,35,15,0,215,225,170,..,..,..,..,0,90,15,15,0,110,..,..,..,0,0
316-Liverpool,"10,750","13,310","2,345",810,685,"1,220",105,485,60,30,"4,880",235,40,205,40,535,35,35,400,345,590,"2,170",420,70,355,"2,495","1,390",75,940,..,..,..,..,"95,100",..,..,..,..,..,..,..,"6,155",..,..,..,"9,095",..,..,"10,015",..,..,0,0,0,0,0,0,0,0,0,0,0,0,0,0,0,0,0,0,0,0,0,0,0,0,"32,985","3,105","59,015","2,500",0,"3,655","3,790",0,"5,305","1,090",620,"8,305",..,..,..,..,..,..,..,..,..,..,..,..,610,"184,390","1,008,330",..,..,375,165,40,115,320,600,310,"1,195",..,..,..,..,0,335,85,40,45,..,..,..,..,865,0
317-Sefton,"8,220","8,320","1,325",610,685,530,70,5,0,15,"2,360",155,85,195,105,10,45,295,300,170,430,"1,070",475,365,295,"1,640",865,380,720,"1,550",100,95,110,"75,575",415,"1,480","2,615","14,240","7,970","2,255",265,"6,130",0,50,240,"5,900",55,75,"6,460",565,50,0,0,0,0,0,0,0,0,0,0,0,0,0,0,0,0,0,0,0,0,0,0,0,0,"26,720",0,"48,850","3,810",0,"2,320","3,115",0,"2,780",835,0,"5,625",0,0,0,0,0,0,0,15,0,0,0,0,945,0,"2,590,600","3,775",0,0,445,0,90,0,5,0,285,0,0,0,0,0,145,40,65,45,165,0,885,"1,640","1,770",0
318-St. Helens,"6,485","7,735","1,405",135,620,530,35,50,0,40,"1,815",130,25,155,50,55,10,55,165,155,320,"1,140",230,0,235,"1,345",420,0,555,755,50,50,50,"37,550",..,..,..,..,..,..,..,"2,680",..,..,..,"2,340",..,..,"1,510",..,..,0,0,0,0,"4,755",0,0,0,"3,730",0,0,0,0,0,0,0,0,0,0,0,0,0,0,0,"14,985","2,165","20,400","1,140",0,"1,540",775,0,"1,565",200,0,"1,315",..,..,..,..,..,..,..,..,..,..,..,..,445,"21,595","624,445",..,..,255,25,110,5,55,0,315,60,..,..,..,..,0,60,20,5,5,..,..,..,..,0,575
319-Wirral,"7,585","10,325",970,"1,790",460,405,450,40,10,45,"2,750",240,50,175,115,165,15,345,295,130,340,"1,435",240,510,140,"2,160",760,540,480,"1,450",70,115,190,"66,840",0,785,"5,360","8,470","5,575","2,065",560,"3,860",25,75,300,"5,880",120,490,"11,005",365,115,5,0,0,0,"7,375",50,0,0,"3,265",50,0,0,0,0,0,0,0,0,0,0,0,0,0,0,"28,505",675,"37,660","1,370",195,"2,290",700,480,"4,700",780,"1,995","8,225","1,150","1,205","5,150","14,505",260,50,0,975,300,105,"1,040",25,985,0,"884,535","1,360",0,75,195,70,5,180,5,445,35,10,55,90,0,0,445,110,80,20,315,"1,600","2,435","4,675","3,660",0
321-Halton UA,"3,860","4,615",500,325,215,245,60,15,0,5,880,75,25,100,75,45,25,90,140,130,260,575,110,220,40,810,315,235,300,..,..,..,..,"20,070",..,..,..,..,..,..,..,600,..,..,..,"1,375",..,..,"3,365",..,..,245,0,0,55,360,0,0,0,90,0,0,0,0,0,0,0,0,0,0,0,0,0,0,0,"4,885","1,150","14,035",125,60,415,290,0,"1,085","1,250",140,"1,975",..,..,..,..,..,..,..,..,..,..,..,..,335,"172,770","423,995",..,..,160,10,30,0,5,45,165,25,..,..,..,..,0,585,120,65,15,..,..,..,..,0,"1,460"
322-Warrington UA,"3,600","3,575",375,875,380,245,315,80,35,20,"1,900",150,30,135,75,5,10,195,145,100,250,965,440,130,90,"1,395",620,140,340,..,..,..,..,"39,555",..,..,..,..,..,..,..,"1,110",..,..,..,"1,620",..,..,"3,195",..,..,260,0,0,0,"5,780",10,60,0,"4,000",5,0,0,0,0,0,0,0,0,0,0,0,0,0,0,"17,340","1,695","20,525",525,0,590,360,0,"1,260","1,025",410,"1,760",..,..,..,..,..,..,..,..,..,..,..,..,485,"96,680","917,370",..,..,135,30,35,5,5,0,145,55,..,..,..,..,5,20,0,0,0,..,..,..,..,0,315
323-Lancashire,"21,015","21,270","2,005","3,545","1,495",810,570,195,225,120,"6,915",880,160,745,335,255,120,"1,095",705,525,"1,435","6,070","1,295",395,540,"8,430","2,430",440,"1,975","4,865",185,315,305,"259,155","3,345","4,360","8,090","38,605","13,585","3,290",415,"9,935",180,310,"1,025","15,115",65,585,"16,990","1,125",515,0,0,0,0,0,0,0,0,0,0,0,0,0,0,0,0,0,0,0,0,0,0,0,0,"54,695","23,425","181,030","3,605",265,"6,070","3,780",10,"11,325",730,"1,035","15,225",..,..,..,..,"1,380",120,80,"6,710",..,..,..,..,"4,540","490,865","10,107,725","5,190",..,805,495,115,50,0,255,490,410,..,..,..,..,5,500,200,175,105,..,"7,330",345,"1,090","2,820",0
324-Blackburn with Darwen UA,"2,315","2,855",435,420,315,215,440,30,10,25,"1,075",100,20,70,50,0,10,155,80,70,150,620,120,150,65,930,220,170,215,575,40,45,25,"29,815",270,240,"1,960","6,450","1,660",325,0,"2,120",30,10,355,"2,090",0,105,"1,620",165,40,"1,140",0,0,0,0,0,0,0,0,0,0,0,0,0,0,0,0,0,0,0,0,0,0,0,"3,495","3,580","22,740",605,60,"1,450",500,0,"1,585",25,140,"1,455","3,975",575,"1,480","6,415",330,0,0,660,0,0,0,0,495,0,0,575,0,55,85,15,5,0,0,70,10,0,0,0,0,0,0,0,0,0,0,670,440,375,940,0
325-Blackpool UA,"3,825","3,265",450,"1,235",315,245,660,35,10,40,"1,615",90,5,85,25,60,10,90,140,40,145,600,315,5,95,820,520,10,240,745,30,55,55,"44,130","1,020",955,"2,215","15,020","1,895",690,105,"1,055",0,20,230,"3,945",105,480,"3,015",225,105,0,0,0,0,0,0,15,0,0,0,0,0,0,0,0,0,0,0,0,0,0,0,0,0,"6,595","1,285","36,250",170,0,880,460,475,"3,010",5,250,"2,760",..,..,..,..,50,0,0,525,5,0,55,0,310,"56,995","461,810",..,..,150,80,0,5,0,55,75,60,..,..,..,..,0,45,10,0,0,..,..,..,..,"1,795",0
326-Cheshire East UA,"6,160","6,500",590,995,"1,035",385,645,125,5,10,"3,915",40,20,205,105,25,190,320,330,265,665,450,200,55,930,920,575,60,"1,595","1,315",35,60,120,"69,705",725,0,"7,965","21,865","21,265",910,425,"1,535",15,0,265,"3,130",0,510,"6,940",0,840,550,20,5,0,"2,640",0,0,0,"2,890",30,20,0,0,0,0,0,0,0,0,0,0,0,0,0,"33,680","3,015","33,015","1,085",140,310,"1,255",180,"1,690","1,125",700,"5,115","4,460",0,0,"10,475",0,0,40,335,..,..,..,..,535,"106,645","550,715","1,535",0,265,0,25,0,30,0,305,45,..,..,..,..,0,35,10,0,5,15,"1,235",675,410,585,0
327-Cheshire West and Chester,"6,095","6,340",865,"2,065",515,350,580,40,0,5,980,145,20,255,145,270,70,385,355,145,475,"1,370",355,195,265,"2,050",995,205,740,"1,230",40,70,155,"66,690","1,365","5,995",0,"14,335","12,780",425,190,"2,940",20,210,0,"2,425",45,0,"8,280","1,255",0,125,0,0,0,425,0,0,0,365,35,0,0,0,0,0,0,0,0,0,0,160,0,310,0,"29,795","4,385","32,510","1,465",75,"1,400","1,415",15,995,355,765,"7,160","13,105",0,0,0,5,0,0,735,0,0,0,0,865,"358,580","1,060,070","1,630",0,335,105,10,10,265,10,305,70,10,0,40,0,0,60,15,10,5,35,"1,010",170,110,"2,695",0
404-Warwickshire,"8,045","16,900","2,335",110,"1,290",600,115,160,0,0,"2,835",270,35,340,25,5,30,450,405,130,500,"2,235",350,70,310,"2,985",800,110,805,"1,460",55,65,275,"76,390",0,"1,125","1,080","19,160","2,255","2,125",0,"3,030",0,135,45,"3,215",15,80,"15,635","1,060",225,0,0,0,0,"3,740",0,0,110,745,0,0,0,0,0,0,0,0,0,0,0,0,0,0,0,"24,200","12,115","40,075","1,980",55,990,"1,060",0,"2,155",275,0,"15,360","1,430",175,140,"2,225",0,0,0,0,"4,125","1,140",100,680,"1,190","134,705","2,661,775","2,710",55,245,325,35,35,5,0,325,130,0,0,60,0,5,180,85,15,5,290,610,145,405,"3,235",0
406-Birmingham,"14,905","23,175","2,195","1,360","2,680","2,775","3,970",345,125,125,"9,725",550,175,460,90,225,55,450,670,310,835,"4,455",530,580,505,"5,570","1,605",610,"1,335","2,880",185,205,830,"159,285",..,..,..,..,..,..,..,"10,050",..,..,..,"11,640",..,..,"46,515",..,..,"1,080",0,0,0,"12,670",165,"1,090",130,"8,425",30,50,0,0,0,0,0,0,0,0,0,0,0,0,0,"66,250","9,820","83,215","4,350",25,"5,680","2,955",10,"8,675","2,125","1,150","43,240",..,..,..,..,..,..,..,..,..,..,..,..,"2,985","649,350","4,678,700",..,..,365,165,90,85,220,10,480,190,..,..,..,..,10,"1,375",225,120,45,..,..,..,..,"3,950",0
407-Coventry,"5,315","3,530",675,655,450,755,430,85,0,10,"3,345",130,0,145,70,160,35,195,170,130,310,"1,520",235,130,205,"1,910",565,140,515,780,20,35,155,"44,950",..,..,..,..,..,..,..,855,..,..,..,"1,715",..,..,"9,160",..,..,0,0,0,0,0,0,0,0,0,0,0,0,0,0,0,0,0,0,0,0,0,0,0,0,"8,685","2,935","33,330",280,0,570,475,0,"1,235",315,680,"8,160",..,..,..,..,..,..,..,..,..,..,..,..,945,"233,315","1,690,545",..,..,180,105,0,0,170,10,170,15,..,..,..,..,5,330,60,60,25,..,..,..,..,975,0
408-Dudley,"8,045","6,240","1,000",190,510,680,175,30,0,50,"3,225",130,55,155,30,0,20,170,150,240,420,"1,320",205,0,220,"1,655",415,0,640,"1,110",45,50,205,"55,395","1,605","1,045",0,"5,670","1,715","1,785",210,"2,155",60,"1,935",0,"3,275",0,0,"10,090",420,0,50,0,0,0,0,0,0,0,0,0,0,0,0,0,0,0,0,0,0,0,0,0,0,0,"10,010","4,270","41,115","1,115",0,"1,040","1,145",0,"2,130",780,0,"9,310",..,..,..,..,..,..,..,..,..,..,..,..,485,"257,115","856,585",..,..,255,40,50,5,0,0,185,70,..,..,..,..,0,360,40,15,5,..,..,..,..,0,0
409-Sandwell,"6,260","4,640",545,595,460,400,"1,455",70,0,15,"2,400",130,40,175,20,240,10,235,315,60,255,"1,160",250,155,395,"1,550",610,165,645,"1,190",55,75,170,"61,205",665,475,"3,770","7,435","3,310","1,710",650,"2,705",..,20,500,"3,495",..,40,"8,995",215,250,75,0,0,0,0,0,0,0,0,0,0,0,0,0,0,0,0,0,0,0,0,0,0,0,"24,175","2,800","34,230","1,590",0,"1,115",930,0,"2,565","1,795",175,"7,025","9,440",315,50,"7,890",..,0,0,320,0,0,0,0,460,"154,015","1,504,275","1,380",..,95,160,15,30,90,50,165,200,..,..,..,..,0,685,200,110,30,0,"2,075","1,210","2,645",425,895
410-Solihull,"3,200","3,875",470,490,385,190,50,30,20,5,"1,420",100,45,110,40,135,15,120,150,105,230,995,300,0,135,"1,260",635,0,365,520,20,25,145,"27,840",455,625,0,"4,245","2,430","1,935",50,"1,020",0,70,225,"1,035",20,0,"7,645",75,340,110,0,0,0,735,0,0,0,270,0,0,0,0,0,0,0,50,0,165,160,50,0,0,85,"9,840","1,320","16,685",385,0,640,160,0,875,200,"2,205","5,240","1,070",0,0,0,0,0,0,105,0,0,0,0,565,"38,445","778,700",860,0,165,230,35,15,0,0,185,20,25,0,135,0,0,180,85,65,25,0,0,410,"1,655",0,0
411-Walsall,"2,410","2,910",175,5,270,520,20,25,0,5,"2,085",110,50,90,5,5,10,30,195,75,170,825,255,0,250,970,510,0,420,..,..,..,..,"40,860",..,..,..,..,..,..,..,"1,065",..,..,..,"3,620",..,..,"7,860",..,..,0,0,0,0,165,0,0,0,0,0,0,0,0,0,0,0,0,0,0,0,0,0,0,0,"14,790",0,"26,070",530,0,535,"1,970",0,"1,650",130,0,"7,725",..,..,..,..,..,..,..,..,..,..,..,..,595,"13,655","759,635",..,..,25,505,85,30,0,5,575,165,..,..,..,..,0,235,30,15,5,..,..,..,..,0,0
412-Wolverhampton,"3,110","3,150",400,210,170,215,185,30,5,25,"1,650",140,75,145,50,10,25,130,215,70,245,"1,085",400,290,190,"1,415",700,315,435,905,50,65,170,"54,155","1,590","2,100","5,095","7,730","2,620","1,230",240,"2,435",55,45,225,"4,025",15,70,"8,970",10,365,30,30,0,0,"2,230",0,0,0,475,50,20,0,0,0,0,0,30,0,0,10,0,0,0,0,"12,910","7,295","33,950","1,145",130,"1,160","2,570",0,"1,455","1,660","1,320","5,985",..,..,..,..,0,0,15,5,..,..,..,..,510,"49,365","983,485",160,"1,815",185,310,50,30,0,10,215,55,..,..,5,..,0,185,55,50,15,110,..,..,..,"1,325",890
413-Staffordshire,"15,530","14,090","2,845","1,205","1,490","1,220",400,245,195,335,"8,395",390,105,750,45,75,190,325,655,385,"1,335","3,465","1,005","1,055","1,130","4,230","1,850","1,110","2,465",..,..,..,..,"126,475",..,..,..,..,..,..,..,"3,040",..,..,..,"5,710",..,..,"26,495",..,..,0,0,0,0,0,0,0,0,0,0,0,0,0,0,0,0,0,0,0,0,0,0,0,0,"47,050","7,985","71,435","1,135",80,"1,825","2,410",105,"3,190","1,305","4,475","20,715",..,..,..,..,..,..,..,..,..,..,..,..,"1,680",..,"1,332,550",..,..,890,815,120,45,65,80,585,215,..,..,..,..,0,210,80,25,20,..,..,..,..,"6,180",0
414-Stoke-on-Trent UA,"6,095","6,565","1,120","1,890",435,660,980,85,30,40,"2,505",135,55,165,20,10,25,115,235,85,275,"1,215",350,350,105,"1,485",650,375,380,"1,065",40,50,190,"53,910","2,810",..,..,"2,185",..,..,..,"3,245",..,..,..,"2,140",..,..,"13,260",..,..,390,0,0,0,"1,130",0,0,0,0,0,0,0,0,0,0,270,0,0,"1,085",155,90,0,"1,105",0,"17,975","4,990","30,950","1,130",0,"2,115",545,0,"1,595",870,750,"11,640","6,060",..,..,..,0,0,0,50,..,..,..,..,585,"54,480","947,290",0,0,240,135,30,25,0,0,165,45,..,..,..,..,0,355,115,60,20,460,0,425,"1,355",0,"1,190"
415-Herefordshire UA,"2,810","2,000",380,100,260,225,85,55,15,415,"1,390",145,30,95,35,25,25,120,200,95,220,765,285,235,80,"1,065",540,260,300,555,30,35,95,"33,390","1,250","1,100",..,..,..,..,..,"1,680",..,85,..,"2,115",530,..,"7,235",120,..,0,0,0,0,0,0,0,0,0,0,0,0,0,0,0,0,0,0,0,0,0,0,0,0,"11,310",0,"22,080",260,0,"1,420",465,0,"1,650",50,0,"7,180",..,..,..,..,..,..,..,..,..,..,..,..,465,0,"992,370",..,..,0,285,0,35,0,25,0,190,..,..,..,..,0,40,15,10,5,70,..,275,935,"2,010",0
416-Worcestershire,"6,990","9,500","1,240",545,"1,710",425,530,85,10,35,"3,415",305,65,275,55,10,30,300,425,225,540,"1,830",380,455,260,"2,495",880,480,800,"1,700",70,65,380,"96,145","2,555","5,055",..,"14,500","6,335","2,580",475,"3,190",60,430,..,"3,815",35,..,"19,720",635,..,0,0,0,0,0,0,0,0,0,0,0,0,0,0,0,0,0,0,0,0,0,0,0,0,"38,095","3,240","54,805","1,820",0,"1,370","1,400",0,"2,415","1,365","1,965","16,390","5,760",..,"2,710","10,630","1,015",245,340,"3,620",0,350,380,0,"1,000","143,970","1,623,790",..,..,90,360,0,50,0,0,300,130,40,155,130,0,0,610,215,130,30,..,..,555,..,"3,035",0
417-Shropshire UA,"8,890","9,055","1,875","2,235",610,410,785,60,395,0,"2,725",115,45,205,60,20,55,215,335,135,405,800,270,310,305,"1,195",670,340,710,"1,255",45,45,165,"69,045",0,50,"3,315","13,140","7,525","1,810",220,"2,530",0,0,260,"2,690",0,685,"9,150",105,760,50,0,0,0,210,0,0,0,350,0,165,0,0,0,0,0,0,0,0,0,0,0,0,0,"26,045","2,600","40,400","1,425",0,"1,105",410,0,"2,280",155,995,"8,005",730,0,0,"1,850",140,0,0,"1,815",0,0,0,0,510,..,..,680,15,225,190,20,60,30,15,405,15,..,..,..,..,0,225,110,60,10,5,"1,740",10,30,735,0
418-Telford and the Wrekin UA,"3,690","3,855","1,125",490,300,390,335,35,5,0,"1,650",135,45,80,25,10,15,65,165,50,145,800,200,70,75,"1,025",420,75,215,535,30,40,95,"25,565",..,"1,515",..,..,..,550,..,"1,335",0,170,0,"1,515",95,0,"6,280",275,0,0,0,0,0,0,0,0,0,0,0,0,0,0,0,0,50,150,0,40,180,"2,600",600,125,65,"11,760",155,"13,650","1,140",0,200,95,0,"1,420",305,"1,250","4,720",..,..,..,..,..,..,..,..,..,..,..,..,455,"121,915","653,215",..,..,0,85,5,50,0,0,150,10,..,..,..,..,0,0,10,0,0,..,"2,910",..,..,210,730
503-Lincolnshire,"8,515","9,025","1,305",65,"1,405","1,335",30,285,0,65,"7,315",470,100,455,15,10,75,525,405,315,855,"3,450",420,60,500,"4,465",935,70,"1,355","3,260",160,125,495,"164,435",..,..,..,"8,120","3,805","3,220","1,045","7,670",..,..,..,"6,630",..,..,"26,430",..,..,0,0,0,0,0,0,0,0,0,0,0,0,0,0,0,0,0,0,0,0,0,0,0,0,"38,875","5,410","120,150","3,100",0,"4,570","1,710",0,"4,915","4,275",0,"22,155",..,..,..,..,405,210,260,"1,760",..,..,..,..,"1,500","180,385","1,410,720",..,..,170,210,225,25,0,65,390,115,..,..,..,..,5,"1,985",810,590,125,..,..,..,"2,700",0,50
504-Northamptonshire,"9,100","11,180","1,355","1,200","1,365","1,020",665,175,0,20,"5,800",265,120,410,785,130,155,305,435,655,"1,220","1,895",300,310,345,"3,250",985,325,"1,570",..,..,..,..,"122,115",..,..,..,..,..,..,..,"4,545",..,..,..,"7,880",..,..,"21,010",..,..,370,0,0,10,155,0,0,0,55,0,0,0,0,0,0,0,0,0,0,0,0,0,0,0,"28,845","14,295","78,970","1,255",265,"3,025","3,325",0,"4,555",570,"1,410","19,035",..,..,..,..,..,..,..,..,..,..,..,..,"1,025","232,205","1,854,230",..,..,155,220,95,35,0,105,330,285,..,..,..,..,0,5,5,10,5,..,..,..,..,95,"2,590"
506-Derbyshire,"15,475","20,350","2,990",180,990,480,60,90,5,30,"3,600",610,195,505,55,65,95,215,885,280,895,"5,115","1,690","1,370",510,"6,015","2,845","1,505","1,405","2,600",120,130,430,"132,960",670,"3,375",885,"15,655","7,355","3,810","1,385","5,805",15,120,55,"6,340",15,5,"21,930",335,560,"9,550",0,0,15,"9,510",120,150,50,"5,195",265,25,0,25,0,0,0,170,60,260,205,"1,125",25,100,210,"37,295","26,355","69,310","2,230",0,"3,575","1,620",0,"4,715","4,420","1,980","15,530","6,575",630,"1,860","12,370",480,730,55,"20,175","17,910","2,610",640,"1,755","2,055","1,209,950","2,506,940","4,645",20,"1,325",640,0,220,0,65,855,190,5,5,230,0,0,45,30,25,15,75,"4,060","4,790","1,805","11,090",0
507-Derby UA,"5,930","8,440","1,585",975,"1,220",625,390,25,10,40,"2,155",185,40,195,40,15,25,180,175,75,300,"1,130",195,150,650,"1,545",425,155,955,..,..,..,..,"52,925",..,..,..,..,..,..,..,"2,740",..,..,..,"3,775",..,..,"8,875",..,..,0,0,0,0,0,0,0,0,0,0,0,0,0,0,0,0,105,0,0,0,275,155,0,130,"20,095","11,145","21,685","1,150",0,"1,590",655,0,"3,120","1,135",630,"7,105",..,..,..,..,..,..,..,..,..,..,..,..,575,"95,945","693,430",..,..,155,0,5,35,0,35,175,0,..,..,..,..,0,335,25,35,30,..,..,..,..,785,0
508-Leicestershire,"10,460","7,895","1,135",805,600,540,100,75,10,10,"4,070",350,135,425,75,25,205,240,370,275,915,"3,140",560,430,740,"3,820","1,100",455,"1,655",..,..,..,..,"91,985",..,..,..,..,..,..,..,"2,970",..,..,..,"3,575",..,..,"22,250",..,..,"4,750",0,15,5,"10,840",50,5,"1,095","2,150",5,0,50,0,0,0,0,0,0,0,0,0,0,0,0,"15,305","14,520","62,160",755,0,"2,215",150,375,"3,055",225,"1,690","20,335",..,..,..,..,..,..,..,..,..,..,..,..,"1,620","143,315","1,443,800",..,..,315,495,100,95,0,15,465,220,..,..,..,..,0,25,15,0,0,30,..,..,..,"3,340",0
509-Leicester UA,"4,745","5,115","1,445",880,670,540,190,70,25,60,"2,230",365,120,300,85,70,85,115,240,220,610,"1,785",550,385,245,"2,370",990,470,855,890,35,150,245,"47,840","1,530","1,115","2,800","20,910","3,830","3,065",155,"2,400",20,205,760,"8,225",55,170,"12,260",100,380,"2,135",0,0,0,"1,135",10,115,15,375,0,0,0,90,0,0,0,920,110,10,"3,050",400,0,0,260,"7,105","7,930","32,810",375,65,"1,955",160,145,"7,925",365,25,"11,865","2,075","1,100","1,815","10,940",235,15,0,"1,310",0,0,0,0,795,"70,965","847,865","1,020",..,100,655,65,75,50,35,295,40,50,25,245,5,0,455,95,45,15,610,0,685,"4,375","1,300","2,215"
510-Rutland UA,720,550,85,30,55,90,75,10,0,0,480,20,10,10,20,0,5,40,15,5,20,220,115,45,65,260,130,45,85,95,0,0,15,"5,745",0,145,0,15,0,40,0,135,0,5,0,50,0,0,680,5,0,0,0,0,0,0,0,0,730,0,0,0,0,0,0,0,0,0,0,0,0,0,0,0,0,780,0,"4,965",50,0,80,0,0,50,0,0,680,0,0,0,570,0,0,0,0,0,0,0,830,75,"14,385","67,205",80,0,0,115,0,10,0,0,15,30,0,0,0,0,0,30,25,15,5,55,0,15,20,140,0
511-Nottinghamshire,"18,850","31,710","4,325","1,285","2,930","1,190",200,180,5,95,"5,275",255,215,690,75,160,80,85,880,320,"1,130","2,620","1,050",685,585,"3,075","2,320",710,"1,825","3,050",135,100,535,"168,905","3,580","2,530","5,205","48,485","20,015","4,185",665,"7,555",15,80,455,"5,015",115,200,"29,775",245,"1,975",0,0,0,0,35,0,0,220,0,0,0,0,0,0,0,0,"1,850","3,150",115,"4,445",105,35,45,25,"42,630","21,960","104,310","3,840",0,"3,710","1,150",0,"3,865","1,535","3,375","24,865",..,..,..,..,..,..,..,..,..,..,..,..,"1,015","208,000","1,144,830","4,055",0,"1,470",35,295,45,265,10,955,205,105,15,215,10,5,315,100,55,15,425,..,..,..,0,"6,940"
512-Nottingham UA,"3,150","2,960",525,375,435,835,100,85,15,70,"2,605",175,115,335,30,105,65,25,325,160,560,"1,550",825,575,310,"1,780","1,365",630,870,..,..,..,..,"57,100",..,..,..,..,..,..,..,"5,095",..,..,..,"6,655",..,..,"14,265",..,..,730,0,0,0,0,0,0,0,0,0,0,0,0,0,0,0,0,0,0,0,0,0,0,0,"13,495","6,910","36,695","1,245",0,"3,850",250,0,"6,405","2,570","1,305","10,395",..,..,..,..,..,..,..,..,..,..,..,..,530,"257,445","589,940",..,..,805,120,110,25,115,35,310,90,..,..,..,..,0,5,0,0,0,..,..,..,..,0,"3,890"
606-Hertfordshire,"23,495","39,675","6,505","3,880","3,415","1,690",715,100,0,25,"10,940",660,220,690,80,755,305,190,"1,220",305,"1,305","4,935","1,340","1,710",390,"6,505","3,535","1,710","1,690","3,255",170,125,835,"177,040",700,"3,350","2,080","62,615","16,130","7,680",955,"8,885",30,540,170,"7,440",10,0,"42,820","2,200",245,0,0,0,0,0,0,0,0,0,0,0,0,0,0,0,0,780,0,"1,000",0,315,0,105,0,"49,195",0,"127,845","4,315",0,"4,565","1,280",0,"6,160","2,045",0,"40,775","20,120","1,630","7,605","38,435",105,0,0,"1,785",..,..,..,..,"1,955",0,"1,916,255","2,830",50,555,900,190,55,..,..,875,520,..,..,..,..,5,685,155,120,20,985,..,..,..,"8,730",0
607-Norfolk,"15,080","10,180","1,815","1,325","1,600","2,445",635,220,70,425,"10,345",520,265,780,260,240,270,620,930,495,"1,600","4,100","1,360",285,950,"5,520","2,820",310,"2,550","3,535",175,250,510,"188,465",..,"4,955",..,"38,680","3,670","5,510",355,"8,960",..,535,..,"13,755",255,..,"27,885","1,985",..,0,0,0,0,"11,405",105,0,55,920,50,0,0,0,0,0,0,0,0,0,0,0,0,0,0,"24,940",0,"163,525","2,795",0,"6,165","1,555",0,"12,200",695,"1,310","25,880","5,325","1,345","4,540","29,845",105,50,0,675,..,..,..,..,"1,125","122,635","1,712,610",..,..,485,"1,305",20,320,0,295,455,"1,075",..,..,..,..,0,360,120,110,75,..,"16,025",..,..,"1,765",0
608-Oxfordshire,"5,090","8,095","1,025",160,"1,530","1,255",125,35,0,40,"5,945",175,40,290,15,0,20,80,260,315,660,"1,380",325,115,640,"1,650",630,125,"1,300","1,585",80,20,200,"85,915",..,..,..,..,..,..,..,"4,930",..,..,..,"1,345",..,..,"15,330",..,..,0,0,0,0,"2,480",60,20,170,"3,020",0,0,0,0,0,0,0,0,0,0,285,235,0,0,0,"45,310",0,"40,605","3,240",0,"1,690",145,0,"1,205",875,0,"14,450",..,..,..,..,..,..,..,..,..,..,..,..,700,"82,225","681,670",..,..,"3,265","1,080",300,70,0,420,345,185,..,..,..,..,0,550,220,410,365,..,..,..,..,450,450
609-Suffolk,"11,170","15,475","1,430",160,835,"1,150",85,705,10,0,"6,570",365,175,505,200,40,55,310,470,355,910,"2,805",665,910,"1,195","3,680","1,315",955,"2,105","2,415",95,65,350,"126,145",..,..,..,..,..,..,..,"2,935",..,..,..,"2,755",..,..,"17,670",..,..,"4,345",0,0,260,"11,385",260,130,345,"3,485",110,0,20,0,0,0,0,0,0,0,0,0,0,0,0,"33,375","20,130","72,640","1,900",410,625,"1,190",25,"1,535",330,"2,145","15,195",..,..,..,..,..,..,..,..,..,..,..,..,"1,445","266,980","2,651,215","2,695",20,570,725,20,240,5,60,560,415,..,..,..,..,0,560,285,190,230,10,..,..,..,"6,760",0
611-Luton UA,"2,940","2,840",480,210,375,525,145,125,10,5,"1,590",90,45,180,0,0,90,80,145,100,370,705,240,130,135,880,425,130,505,..,..,..,..,"22,020",..,..,..,..,..,..,..,"1,740",..,..,..,"2,115",..,..,"5,985",..,..,90,0,0,0,"1,930",25,0,25,405,0,0,0,0,0,0,0,0,0,0,560,0,0,0,0,"6,050","1,865","14,100",945,0,800,155,0,"1,960",170,215,"5,595",..,..,..,..,..,..,..,..,..,..,..,..,390,"176,015","395,335",..,..,345,10,55,0,0,0,170,40,..,..,..,..,0,300,125,65,15,..,..,..,..,0,"1,005"
612-Buckinghamshire,"10,240","13,620","1,165",445,945,315,40,95,5,5,"1,790",175,45,225,95,195,55,320,425,120,400,"1,385",325,790,355,"1,975",995,830,755,"1,155",75,45,320,"61,080",..,..,..,..,..,..,..,"3,885",..,..,..,"3,145",..,..,"17,550",..,..,0,0,0,0,"1,540",50,0,50,640,50,15,0,0,0,0,0,50,50,50,0,0,0,0,0,"27,770",0,"33,305","1,415",0,"2,470",660,0,"2,485",465,375,"16,710",..,..,..,..,..,..,..,..,..,..,..,..,765,"132,510","537,335",..,..,215,180,10,35,80,125,400,35,..,..,..,..,0,100,45,50,30,..,..,..,..,"4,745",0
613-Milton Keynes UA,"3,590","2,580",440,780,295,290,15,25,10,5,690,165,35,195,15,0,15,210,225,40,250,800,170,170,395,"1,195",430,185,645,..,..,..,..,"27,155",..,..,..,..,..,..,..,905,..,..,..,500,..,..,"4,185",..,..,310,0,0,0,"1,465",0,0,5,940,0,0,0,0,0,0,0,0,0,0,0,0,0,0,0,"8,930","1,385","16,840",450,0,455,80,0,420,0,0,"4,185",..,..,..,..,..,..,..,..,..,..,..,..,490,"74,765","348,380",..,..,90,15,0,45,0,0,145,135,..,..,..,..,0,70,15,15,0,..,..,..,..,"1,035",0
614-Bracknell Forest UA,"1,805","2,130",205,155,200,190,75,15,235,15,"1,035",35,25,55,10,0,30,120,55,35,120,350,245,0,65,520,320,0,185,240,5,10,40,"14,175",..,..,..,420,225,155,0,520,..,..,..,450,..,..,"2,285",..,..,260,0,0,0,155,0,0,0,325,10,0,0,0,0,0,0,50,0,0,625,0,0,0,0,"6,180","3,180","4,820",210,0,310,105,0,345,50,135,"2,095",..,135,870,0,0,0,0,0,0,0,0,0,170,"16,340","583,825",..,..,45,200,10,15,0,0,10,45,..,..,..,..,0,75,40,5,150,..,..,85,80,0,0
615-West Berkshire UA,"2,985","4,190",320,315,310,225,370,30,5,5,990,85,30,105,20,15,25,115,130,50,180,690,100,255,105,910,270,260,290,325,5,10,75,"17,835",220,420,0,"4,415","3,305",340,50,205,0,5,15,505,0,0,"4,060",270,150,540,0,0,0,370,0,0,0,315,0,0,0,840,0,0,0,0,0,0,"1,355",50,0,0,0,"7,975","4,580","5,285",55,0,150,85,0,420,105,0,"3,955","1,870",175,..,"6,485",105,50,0,"1,250",..,..,..,..,360,"55,885","517,550",560,40,100,35,20,15,10,5,40,110,5,0,90,0,0,70,15,10,5,10,0,25,30,"1,070",0
616-Reading UA,"3,280","2,545",385,320,330,340,235,50,10,40,"1,250",120,25,65,65,85,15,95,155,25,105,660,145,85,55,945,405,95,160,285,25,25,110,"17,030",0,375,40,"2,715","2,705",750,0,"1,750",..,20,60,"1,610",0,0,"5,715",275,0,285,0,0,10,650,0,50,"1,125",490,0,0,0,0,0,0,0,415,0,0,"1,230",0,0,0,0,"8,645","1,900","6,485",925,15,810,200,375,"1,035",80,165,"5,470",..,..,..,..,..,..,..,..,..,..,..,..,330,"40,365","344,325",..,..,160,20,5,15,70,35,110,85,..,..,..,..,0,225,70,40,10,30,0,260,105,695,0
617-Slough UA,"2,095","1,580",260,450,285,250,490,15,0,10,765,65,20,115,10,20,20,20,115,155,290,400,85,80,365,495,240,80,655,325,40,100,60,"14,620",0,425,0,650,0,565,210,"1,485",0,90,0,"2,650",0,0,"5,320",365,405,0,0,0,0,20,0,0,815,50,0,0,0,0,0,0,0,0,0,0,980,0,0,0,0,"7,225",0,"7,395",285,0,"1,195",80,0,"2,570",0,840,"4,480","6,810",0,"1,180","2,465",0,0,0,195,0,0,0,0,155,"60,450","176,420","1,430",0,80,90,20,0,0,25,105,25,0,0,0,0,0,35,5,10,0,25,0,165,"2,305","1,090",0
618-Windsor and Maidenhead UA,"2,070","2,055",160,290,195,100,20,5,0,0,835,40,15,35,20,0,5,75,170,10,50,340,110,40,60,475,285,45,110,350,20,15,80,"18,845",..,..,..,..,..,..,..,815,..,..,..,690,..,..,"5,885",..,..,0,0,0,0,855,0,0,0,280,0,0,0,0,0,0,0,0,0,0,0,0,0,0,0,"11,430",50,"7,360",410,0,405,105,0,590,50,620,"5,210",155,0,860,"3,520",0,0,0,310,..,..,..,..,185,0,"347,505",..,..,100,25,0,15,0,0,115,15,..,..,..,..,0,5,0,5,5,..,..,..,..,385,0
619-Wokingham UA,"1,585","1,610",275,415,355,120,270,90,0,5,710,45,30,70,5,5,20,10,175,100,190,295,130,95,65,355,340,100,255,300,10,10,165,"15,920",0,295,40,"1,525",860,765,0,465,0,15,0,480,5,0,"6,645",180,0,680,0,0,0,150,0,0,0,265,0,0,0,0,0,0,0,0,0,0,0,0,0,0,0,"6,895","2,755","6,270",95,50,320,95,0,385,30,0,"6,615",..,..,..,..,..,..,..,..,..,..,..,..,150,"32,000","196,305",345,0,20,120,20,5,0,5,165,60,..,..,..,..,0,10,5,0,5,15,0,..,..,740,0
620-Essex,"26,940","31,010","3,875","9,495","2,350","1,780","7,920",215,5,0,"11,030",630,75,995,60,20,140,"1,210",475,675,"1,810","4,925",590,"1,160",840,"6,825","1,160","1,200","2,650","4,400",225,200,830,"240,745",..,"1,255","6,210","5,770",640,"4,830",0,"12,030",..,40,585,"10,215",0,75,"39,310",980,475,0,0,0,0,"40,835",535,485,410,"5,600",125,55,0,0,0,0,0,"3,690",0,0,"6,540",0,0,0,10,"31,740",285,"208,720","2,565",120,"9,345",780,0,"9,435",90,"3,540","35,680",..,..,..,..,0,0,0,265,"22,575","4,605","7,615","2,990","3,445",0,"8,385,180","3,745",115,0,920,0,105,0,25,0,750,..,..,..,..,0,285,150,150,35,20,"22,540","6,820",..,"8,605",0
621-Southend-on-Sea UA,"4,760","3,590",645,100,415,300,30,45,5,15,"1,710",110,10,105,5,0,50,40,165,100,260,"1,005",150,300,150,"1,160",325,310,410,730,15,40,95,"28,465",760,"1,275",..,"6,580",295,"1,520",0,785,..,165,..,"2,095",0,..,"5,370",50,..,80,0,0,0,"1,265",0,25,0,0,0,0,0,0,0,0,0,0,0,0,0,0,0,0,0,"1,100","2,605","24,755",0,0,785,30,15,"2,050",30,365,"4,970",445,0,0,"2,740",160,0,0,"1,130","3,365",675,105,395,470,0,"476,000","1,200",5,95,85,0,5,0,0,590,75,0,0,70,0,0,40,10,5,15,25,0,215,545,"1,500",0
622-Thurrock UA,"1,795","1,375",230,25,160,90,10,25,0,0,570,75,10,65,5,0,5,45,75,50,130,515,125,135,50,650,210,145,180,320,20,25,85,"18,225",..,..,..,"3,790",210,365,35,"1,215",..,110,70,"1,205",50,0,"4,830",35,175,610,0,0,0,"5,685",0,0,0,630,0,0,0,0,0,0,0,0,0,0,0,0,0,0,0,"1,465","1,575","15,185",50,5,"1,160",50,0,"1,155",50,120,"4,660","2,405",..,..,..,..,..,..,..,..,..,..,..,250,"60,445","299,925",..,..,225,0,15,0,0,0,75,10,..,..,..,..,0,20,0,5,0,10,0,955,995,"1,020",0
623-Cambridgeshire,"10,655","11,890","2,800",520,"1,635",845,120,140,5,20,"3,840",355,75,340,140,30,20,450,435,340,705,"2,855",535,0,265,"3,805","1,080",0,970,"1,645",115,95,505,"83,895",..,"3,110","2,685","14,840","7,925","2,575",105,"4,075",..,"1,000",330,"5,485",0,10,"24,460","17,125","1,320",0,0,0,50,55,0,0,0,0,0,0,0,0,0,0,0,210,155,0,845,0,0,0,0,"27,595",0,"56,300","1,530",0,"2,545","1,510",0,"3,980","1,390","2,740","20,330","4,080",310,925,"2,410",85,10,50,"1,420",5,0,85,0,"1,645","124,170","2,285,780","2,935",80,180,490,5,80,0,35,230,590,5,10,130,0,5,"1,775",775,615,240,"2,845",0,"1,135","1,965",0,0
624-Peterborough UA,"4,345","7,130",765,435,365,510,30,75,5,5,"1,565",195,70,170,10,0,25,140,170,90,295,"1,195",200,230,170,"1,550",445,255,465,..,..,..,..,"18,765",..,..,..,..,..,..,..,940,..,..,..,155,..,..,"5,900",..,..,465,0,0,0,290,0,0,0,55,0,0,0,0,0,0,0,0,0,0,0,0,0,0,0,"4,335","2,095","12,335",655,30,255,0,0,155,165,0,"5,740",..,..,..,..,0,0,0,450,..,..,..,..,590,"9,635","738,890",..,..,160,45,35,35,0,0,105,70,..,..,..,..,0,35,5,5,0,..,..,..,..,"1,260",0
625-Bedford UA,"3,000","2,000",370,165,435,230,185,15,20,10,950,105,50,70,15,30,20,175,140,40,130,505,210,80,105,800,430,80,235,465,20,15,125,"29,000",..,..,..,..,..,..,..,"1,035",..,..,..,680,..,..,"8,820",..,..,0,0,0,0,0,0,0,0,0,0,0,0,0,0,0,0,0,0,0,0,0,0,0,0,"5,895","2,385","20,720",615,0,425,85,0,595,30,695,"8,095",..,..,..,..,..,..,..,..,..,..,..,..,360,"21,675","524,760","10,915",..,130,85,0,50,0,30,85,75,..,..,..,..,0,265,100,70,20,460,..,..,..,555,0
626-Central Bedfordshire UA,"3,790","4,475",415,275,430,295,335,10,10,5,"1,515",125,60,150,25,35,45,110,230,85,280,880,375,105,150,"1,145",700,110,430,715,40,10,155,"38,530",95,"1,160",0,..,..,..,..,"2,255",..,25,0,465,25,25,"9,830",250,0,0,0,0,0,0,0,0,0,0,0,0,0,0,0,0,0,0,0,0,315,0,0,0,0,"8,075",0,"30,455","1,295",0,960,75,0,385,90,795,"8,945",..,270,125,"3,970",0,0,0,..,0,0,0,..,515,"50,810","515,555",..,..,220,35,5,25,15,5,125,35,..,..,..,..,15,665,90,35,5,..,870,..,..,515,0
702-Camden,"3,820","1,935",430,970,315,490,415,30,145,40,"1,610",240,40,175,220,215,105,140,170,55,340,"1,070",275,..,205,"1,670",600,..,535,..,..,..,..,"26,040",..,..,..,..,..,..,..,"3,645",..,..,..,"4,530",..,..,"5,040",..,..,"1,615",0,0,0,"3,455",20,0,0,"1,410",0,0,0,0,0,0,0,325,50,0,750,"3,390",440,0,45,"5,260","8,105","12,675","1,775",0,"1,870",305,0,"4,225",50,190,"4,800",..,..,..,..,..,..,..,..,..,..,..,..,595,..,"545,425",..,..,155,135,10,35,0,220,70,140,..,..,..,..,0,375,55,20,5,..,..,..,..,..,0
703-Greenwich,"3,380","2,870",560,790,285,210,"1,865",25,0,5,805,195,70,200,55,5,5,55,170,85,290,"1,235",265,185,150,"1,550",510,200,440,515,75,60,170,"28,395",..,..,..,..,..,..,..,"2,965",..,..,..,"2,920",..,..,"10,165",..,..,0,0,0,0,0,0,0,0,0,0,0,0,0,0,0,0,0,0,0,0,0,0,0,0,"11,125",0,"17,270",710,0,"2,255",0,0,"2,920",50,"1,815","8,295","7,470",..,..,..,..,..,..,..,10,20,0,70,665,"36,095","853,720",695,..,10,260,55,25,0,5,185,50,..,..,..,..,0,30,5,5,0,35,..,735,"4,470","1,415",0
704-Hackney,"4,065","3,230",970,810,620,260,200,25,85,10,865,195,45,135,20,140,25,60,185,80,245,760,235,260,110,"1,035",605,300,355,..,..,..,..,"22,880",..,..,..,..,..,..,..,"2,490",..,..,..,"3,985",..,..,"8,485",..,..,0,0,0,0,0,0,0,0,0,0,0,0,0,0,0,0,0,0,0,0,0,0,0,0,"6,530",0,"16,350",880,0,"1,610",75,0,"3,910",210,0,"8,275",..,..,..,..,..,..,..,..,..,..,..,..,695,"200,520","546,555",..,..,250,20,0,25,135,5,125,80,..,..,..,..,0,275,40,20,5,..,..,..,..,0,"1,380"
705-Hammersmith and Fulham,"3,295","2,650",910,450,600,190,130,40,30,0,940,100,10,110,85,60,30,80,60,70,220,900,120,135,160,"1,185",255,150,380,..,..,..,..,"21,010",..,..,..,..,..,..,..,"1,820",..,..,..,"4,985",..,..,"8,150",..,..,0,0,0,0,480,5,15,0,45,0,50,0,0,0,0,0,0,0,0,0,0,0,0,0,"15,570",0,"5,440","1,105",0,710,740,0,"4,245",0,450,"7,700",..,..,..,..,..,..,..,..,..,..,..,..,520,"49,195","676,195",..,..,120,0,10,0,60,0,60,0,..,..,..,..,0,185,60,25,10,..,..,..,..,0,925
706-Islington,"3,565","1,785",440,915,320,525,385,35,55,0,"1,305",275,45,190,30,5,55,125,110,115,365,"1,185",245,185,140,"1,620",410,205,500,..,..,..,..,"27,920",430,135,0,"6,445","5,150",815,10,"1,310",5,10,0,"3,980",5,0,"4,715",290,0,0,0,0,0,"1,390",15,0,0,"1,385",15,0,0,0,0,0,0,0,0,0,0,0,0,0,0,"12,770",0,"15,155",645,0,665,245,0,"3,735",60,"1,080","3,575","4,375",270,355,"9,765",0,0,105,"1,010",..,..,..,..,440,"58,670","523,655",870,0,225,675,120,10,0,380,60,115,0,295,100,0,0,415,60,25,10,510,"2,540",175,415,835,0
707-Kensington and Chelsea,"4,815","4,525",710,830,250,255,225,15,160,20,"1,165",125,5,120,80,275,15,30,25,80,215,820,130,185,200,"1,060",435,200,415,310,20,30,50,"13,930",..,..,..,495,95,680,..,985,..,..,..,"2,135",..,..,"4,000",..,..,140,0,0,0,365,15,0,0,445,0,0,0,0,0,0,0,645,0,50,610,0,0,0,0,"4,420","2,600","6,910",445,0,540,80,0,"2,055",0,40,"3,960",..,210,365,"1,685",5,0,0,0,0,0,0,0,270,"13,790","314,535",165,5,145,0,0,0,130,5,145,25,0,0,0,0,15,350,60,25,0,..,..,..,..,955,0
708-Lambeth,"7,460","7,595","1,440","1,380",435,535,"1,335",50,250,90,"1,045",265,85,180,25,155,5,125,85,100,295,975,225,225,140,"1,400",405,275,435,695,75,110,255,"37,145",0,0,0,"8,900","5,620","1,610",105,"4,165",0,55,0,"6,745",0,0,"13,700",5,770,0,0,0,0,0,0,0,0,0,0,0,0,0,0,0,0,0,0,0,0,0,0,0,0,"16,830",0,"20,315","1,895",0,"2,275",570,0,"6,175",850,0,"12,845","3,940",625,"1,225","4,325",115,0,0,"1,205",0,0,0,0,"1,025",0,"707,390",445,0,215,0,95,10,0,40,130,80,0,0,5,0,0,5,0,0,0,5,710,0,550,"1,980",0
709-Lewisham,"4,115","3,290",330,985,280,145,"1,285",25,0,30,480,220,35,200,90,60,140,165,190,70,430,"1,180",325,355,310,"1,675",615,390,740,560,60,65,145,"31,025",..,160,"2,455","2,250","1,190",780,0,"4,095",..,15,590,"3,965",0,110,"10,135",..,105,0,0,0,0,0,0,0,0,0,0,0,0,0,0,0,0,0,0,0,0,0,0,0,0,"14,260",0,"16,765","1,435",0,"2,660",360,0,"3,605",275,0,"9,860",..,..,"2,045","9,020",105,0,0,"1,050",..,..,..,..,795,"118,545","1,006,915",..,..,105,240,25,10,0,50,110,80,..,..,..,..,20,180,30,25,5,80,0,..,..,"2,530",0
710-Southwark,"2,890","3,375",580,215,395,540,"1,175",70,10,65,"1,660",145,60,190,60,205,0,45,225,25,215,725,125,185,445,985,615,195,660,605,80,130,155,"31,520",0,0,0,"1,295","1,120","1,390",10,"3,535",0,0,0,"6,895",0,0,"10,325",165,0,0,0,0,0,15,0,0,0,5,0,0,0,0,0,0,0,0,0,0,0,0,0,0,0,"13,695",0,"17,825","1,465",0,"2,070","1,250",0,"5,645",0,165,"10,160","4,140",0,0,0,0,0,0,415,0,0,0,0,460,0,"705,715",630,0,140,0,70,10,20,205,0,390,0,0,0,0,0,285,45,40,0,370,665,195,350,"1,755",0
711-Tower Hamlets,"2,460","2,640",430,200,330,310,425,110,10,45,575,330,45,130,115,35,20,240,220,55,210,"1,190",160,395,175,"1,870",460,470,385,..,..,..,..,"21,520",..,..,..,..,..,..,..,"2,765",..,..,..,"6,660",..,..,"7,595",..,..,0,0,0,0,555,40,0,0,310,0,0,0,0,0,0,0,310,50,0,315,405,50,0,155,"7,165",0,"14,355",880,0,"1,885",135,0,"6,520",40,0,"7,555",..,..,..,..,..,..,..,..,..,..,..,..,675,"285,050","1,263,250",..,..,130,35,30,15,60,25,35,260,..,..,..,..,0,365,35,10,5,5,..,..,..,"1,880","3,015"
712-Wandsworth,"3,455","2,110",335,460,550,315,65,35,5,0,"1,125",170,55,115,120,55,50,125,360,105,265,"1,080",235,215,110,"1,495",670,240,375,640,50,85,295,"35,140",..,..,..,..,..,..,..,"2,665",..,..,..,"4,180",..,..,"16,275",..,..,0,0,0,0,0,0,0,0,0,0,0,0,0,0,0,0,0,0,0,0,0,0,0,0,"18,240",0,"16,900","1,110",0,"1,555",735,0,"3,445",315,0,"15,960",..,..,..,..,..,..,..,..,..,..,..,..,790,"57,540","778,315",..,..,5,140,5,25,0,15,95,175,..,..,..,..,5,275,75,25,5,..,..,..,..,"1,465",0
713-Westminster,"4,065","3,140",505,"2,330",455,245,960,20,75,10,830,155,10,135,190,60,65,200,130,60,260,885,135,190,135,"1,440",350,205,395,570,20,190,110,"32,295",..,..,..,"6,260","4,270","1,165",0,"1,435",..,..,..,"10,025",..,..,"5,950",..,..,395,0,0,0,835,0,0,0,665,0,0,0,0,0,0,0,0,0,105,465,50,0,50,60,"13,715","3,265","15,320",720,0,715,860,0,"9,165",145,0,"5,805",..,..,..,..,..,..,..,..,..,..,..,..,870,"3,335","775,255",..,..,30,195,0,30,0,70,70,110,..,..,..,..,0,225,40,20,10,..,..,..,..,"1,320",0
714-City of London,150,110,10,35,15,10,10,0,0,0,55,0,0,10,0,0,25,0,0,10,45,0,0,0,50,0,0,0,95,25,0,5,0,"1,310",..,..,..,..,..,..,..,0,..,..,..,545,..,..,105,..,..,0,0,0,0,110,0,0,0,10,0,0,0,0,0,0,0,0,0,0,0,0,0,0,0,360,0,950,0,0,0,0,0,545,0,0,105,..,..,..,..,..,..,..,..,..,..,..,..,0,"8,190",0,..,..,0,0,0,0,0,0,0,0,..,..,..,..,0,5,5,0,0,5,..,..,..,0,0
716-Barking and Dagenham,"3,845","2,755",710,290,325,265,40,15,0,5,680,115,20,140,15,85,20,35,55,65,140,760,105,0,750,930,260,0,975,490,5,15,60,"26,225","7,465",450,50,"3,305",500,230,55,"1,000",685,0,0,"1,620",10,0,"2,520",35,0,0,0,0,50,0,0,15,265,0,0,0,0,105,0,0,0,505,0,0,"1,345",0,0,0,0,"6,450","1,695","18,075",440,0,555,0,0,"1,620",80,210,"2,230","9,085",0,0,110,0,0,0,50,0,0,0,0,155,"63,790","368,250",365,..,50,100,0,25,0,135,70,65,..,..,..,..,0,700,200,110,0,620,..,..,..,0,0
717-Barnet,"5,490","5,030",740,"1,885",870,220,555,30,10,5,"1,640",155,45,240,45,145,45,125,150,180,465,"1,140",250,265,385,"1,470",590,280,855,815,65,75,225,"42,750",..,810,..,"8,095","2,765","2,685",95,"3,355",..,30,..,"3,690",20,..,"12,365",330,..,0,0,0,0,"2,415",35,40,0,645,20,0,0,0,0,0,0,0,0,0,0,0,0,0,0,"12,560",0,"30,190","1,110",0,"2,245",205,0,"3,485",30,185,"12,150","3,650",105,"2,460","3,210",..,..,..,..,..,..,..,..,680,"83,400","888,030",..,..,10,240,30,10,145,5,60,85,..,..,..,..,0,75,15,5,5,..,..,..,..,"1,365",0
718-Bexley,"5,805","3,825",595,"1,110",255,60,"1,045",20,10,5,560,80,85,40,0,30,0,15,115,35,80,720,230,0,45,820,465,0,125,..,..,..,..,"32,115",..,..,..,..,..,..,..,"1,610",..,..,..,"1,405",..,..,"10,375",..,..,0,0,0,0,0,0,0,0,0,0,0,0,0,0,0,0,0,0,0,0,0,0,0,0,"13,045",0,"19,070",775,0,830,0,0,"1,405",75,0,"10,300",315,..,..,..,..,..,..,..,..,..,..,..,315,0,"397,380",..,..,0,230,0,85,0,30,0,115,..,..,..,..,0,70,20,0,0,..,..,..,..,0,0
719-Brent,"3,225","1,570",305,875,460,625,"1,000",115,40,20,"2,365",155,30,125,5,10,30,30,190,165,320,850,240,215,135,"1,040",385,240,460,625,75,80,200,"32,015",0,300,585,"2,180","1,390",260,10,"4,045",0,5,275,"4,240",0,0,"10,435",160,65,20,0,0,0,"2,180",0,50,0,"1,680",85,0,0,0,0,0,0,260,0,0,105,0,0,0,0,"16,930",670,"14,415","2,390",0,"1,655",225,0,"4,020",230,680,"9,525","5,510",145,"3,050","3,035",105,0,300,"1,530",220,65,930,105,675,0,"737,570","1,090",0,140,100,20,15,0,10,95,95,10,90,40,0,0,110,5,10,5,130,0,335,"1,195","1,815",0
720-Bromley,"5,460","3,685",510,"1,105",765,195,820,50,5,10,"1,375",160,20,100,110,5,5,100,155,30,135,"1,430",635,0,115,"1,805",815,0,255,..,..,..,..,"37,170",..,..,..,..,..,..,..,"2,105",..,..,..,"3,115",..,..,"11,485",..,..,0,0,0,0,850,0,0,0,700,0,0,0,0,0,0,0,0,390,0,195,0,235,0,5,"14,770",50,"22,345",605,0,"1,495",70,0,"3,045",240,"1,255","9,995",..,..,..,..,..,..,..,..,..,..,..,..,890,"34,990","851,800",..,..,0,800,40,0,0,0,155,45,..,..,..,..,0,5,0,0,0,..,"1,530",390,650,0,670
721-Croydon,"7,375","4,275",810,"1,400",805,195,"1,625",180,70,20,"1,075",230,205,180,25,20,25,50,305,145,390,"1,530",485,775,130,"1,845","1,025",855,520,..,..,..,..,"41,050",..,..,..,..,..,..,..,"3,365",..,..,..,"5,645",..,..,"16,850",..,..,0,0,0,0,"1,735",0,0,0,"2,275",50,0,0,0,0,0,0,"1,735",0,0,"4,310",0,0,0,0,"16,620","1,700","22,730",860,50,"2,450",560,0,"5,085",110,110,"16,630",..,..,..,..,..,..,..,..,..,..,..,..,940,"33,285","777,980",815,5,400,15,210,20,0,535,0,330,0,..,..,..,0,60,15,20,15,..,..,..,..,"3,025",0
722-Ealing,"7,440","7,340","1,045","1,895",435,350,"1,055",30,65,5,"1,655",265,40,80,20,15,5,80,170,90,175,"1,215",380,55,105,"1,585",610,70,280,920,110,90,180,"30,325","1,245",150,80,"5,390","4,065","2,055",30,"3,765","1,160",15,275,"3,775",0,105,"8,410",0,0,0,0,0,0,"2,315",0,95,55,"3,125",30,25,0,0,0,0,0,0,0,325,0,345,50,0,0,"14,155",0,"16,165","2,230",0,"1,535",560,0,"3,215",365,0,"8,050","1,435",260,"2,515","2,145",0,50,0,"1,460",..,..,..,..,"1,165","22,540","754,550",810,0,435,0,0,45,15,5,185,35,0,0,80,0,0,90,15,10,5,115,"4,810",325,"1,350",355,0
723-Enfield,"5,935","7,735",995,425,625,460,230,50,5,75,"1,725",120,150,305,150,150,40,210,260,60,415,730,335,95,505,"1,225",900,105,920,615,35,50,120,"31,415",0,885,95,"11,465","2,620",920,380,"1,875",0,90,175,"2,725",5,585,"6,405",120,325,"1,305",0,65,0,"7,075",50,0,0,"2,520",70,0,0,0,0,0,0,705,0,0,"2,100",0,0,0,0,"8,695","3,480","19,240",475,0,"1,400",105,0,"2,620",180,0,"6,225",..,..,..,..,285,155,0,420,..,..,..,..,560,"78,465","1,225,360",815,75,295,160,140,25,135,40,290,160,0,40,140,0,0,75,50,95,80,180,"1,425",170,"2,040",0,"1,055"
724-Haringey,"3,725","2,145",730,305,510,400,45,15,15,10,940,120,40,275,25,220,20,40,265,70,365,675,185,230,265,865,720,250,630,490,30,100,165,"25,555",..,..,..,..,..,..,..,"1,540",..,..,..,"4,605",..,..,"8,535",..,..,"1,185",0,0,0,"1,525",50,70,0,800,0,0,0,0,0,0,0,15,0,0,0,50,0,0,0,"6,535","4,090","14,930",435,15,"1,095",40,0,"4,565",105,660,"7,765",..,..,..,..,..,..,..,..,..,..,..,..,400,"19,900","483,115",..,..,170,70,25,15,220,5,180,85,..,..,..,..,0,500,105,75,15,695,..,..,..,"1,080",0
725-Harrow,"5,270","3,530",615,665,410,175,175,35,0,30,845,105,55,145,25,125,100,30,135,135,400,845,355,220,385,"1,005",675,235,785,0,0,0,0,"24,095",0,0,0,0,0,570,0,"1,475",0,0,0,"2,565",0,0,"6,305",0,0,0,0,0,0,0,0,0,0,0,0,0,0,260,0,0,365,365,0,0,885,105,0,155,105,"9,475",470,"14,155",480,0,995,275,990,"1,300",310,"1,300","4,695",0,0,0,0,0,0,0,415,0,0,0,0,305,0,"439,195",0,0,185,185,50,10,95,100,100,100,0,0,0,0,0,270,75,55,15,0,5,0,0,0,"1,560"
726-Havering,"4,770","8,430",940,495,395,350,35,35,5,85,"2,505",120,20,120,15,15,10,65,95,125,255,"1,240",165,350,220,"1,455",300,365,475,..,..,..,..,"28,760",..,..,..,..,..,..,..,"1,440",..,..,..,"1,050",..,..,"6,900",..,..,0,0,0,0,"3,730",50,0,0,"1,085",45,0,0,0,0,0,0,55,0,0,"2,050",0,0,0,0,"11,075",0,"17,685",575,0,865,165,0,885,260,0,"6,645",..,..,..,..,..,..,..,..,..,..,..,..,525,"56,020","588,310",..,..,25,240,30,0,0,5,125,55,..,..,..,..,0,0,0,0,0,..,..,..,..,0,"2,740"
727-Hillingdon,"3,455","4,820",500,110,285,385,50,460,10,5,"2,160",165,45,135,20,60,10,30,150,35,180,"1,290",245,420,120,"1,510",500,435,305,595,50,50,220,"41,295",0,0,0,"3,950","2,445","2,000",75,"3,020",0,0,0,"2,650",0,0,"15,655",0,0,0,0,0,0,0,0,0,0,0,0,0,0,0,0,0,0,0,0,0,0,0,0,0,0,"16,960",670,"23,670","1,505",0,"1,515",280,0,"2,370",875,"2,155","12,625",0,0,0,0,0,0,0,0,"3,110",455,95,300,415,"90,615","616,335",0,0,250,10,35,10,55,5,135,55,..,..,..,..,0,5,0,0,0,0,"1,310",0,705,"2,935",0
728-Hounslow,"3,435","1,845",505,580,465,295,85,10,25,5,940,110,25,180,25,30,50,35,195,105,340,715,125,210,270,890,380,225,605,265,40,25,170,"17,205",115,115,0,"3,610","3,465",0,0,"2,040",0,0,0,"1,085",0,0,"8,525",625,0,50,0,0,0,155,0,0,0,140,0,0,0,0,0,0,0,65,0,0,0,50,0,0,0,"7,970","3,895","5,340",955,0,"1,085",215,30,840,105,0,"8,425","1,510",310,0,"2,340",0,0,0,155,0,0,0,0,290,"44,200","428,310",965,5,250,0,0,25,25,5,175,15,0,0,280,0,0,100,25,20,0,145,505,85,100,"1,595",0
729-Kingston upon Thames,"1,625","2,000",85,135,135,65,65,15,10,60,650,40,25,75,10,20,40,5,95,35,160,970,190,360,90,"1,045",345,375,250,540,20,30,105,"17,705",280,280,325,"1,810",35,210,0,865,0,10,5,"1,985",0,0,"5,890",90,0,"2,015",0,0,0,150,50,0,0,645,0,0,0,475,0,0,0,0,0,5,0,0,0,0,0,"8,075","3,960","5,670",290,105,470,430,0,"1,555",50,665,"5,175",0,0,0,0,325,50,0,30,0,0,0,0,305,"43,650","230,740",..,..,415,10,5,5,0,0,120,165,..,..,..,..,0,40,30,20,0,..,..,..,..,0,950
730-Merton,"3,110","2,530",400,"1,765",460,165,525,40,30,0,865,70,35,120,25,5,30,55,125,60,210,550,175,190,120,705,345,205,335,0,0,0,0,"26,775",0,0,0,0,0,0,0,"1,740",0,0,0,"1,165",0,0,"6,385",0,0,0,0,0,0,0,0,0,0,0,0,0,0,0,0,0,50,0,0,0,420,0,0,0,0,"11,105",0,"15,670",795,0,945,25,0,"1,140",155,635,"5,595",0,0,0,0,0,0,0,0,0,0,0,0,355,"18,810","504,305",0,0,205,265,90,20,0,10,190,50,0,0,0,0,0,125,30,15,25,0,0,0,0,"1,280",0
731-Newham,"3,825","2,210",515,345,430,400,"1,815",35,25,5,980,240,35,190,25,10,15,55,215,205,405,"1,105",285,145,395,"1,430",545,190,805,485,55,65,130,"25,580",..,275,185,"1,265","2,805","1,130",50,"2,800",..,20,85,"3,245",5,0,"7,085",195,20,0,0,0,0,0,0,0,0,0,0,0,0,0,0,0,0,0,0,0,0,0,0,0,0,"11,790",0,"13,790","1,065",0,"1,735",60,0,"3,185",0,0,"7,085",0,"1,295","8,240","3,470",5,30,170,330,0,0,0,0,810,"70,775","865,580",..,5,270,15,10,20,0,10,115,100,..,..,..,..,0,5,0,0,0,5,"1,140",..,965,"1,040",0
732-Redbridge,"5,205","3,710",685,290,495,340,70,60,15,25,"1,460",110,60,155,25,60,50,100,215,125,340,"1,035",210,325,330,"1,280",555,345,665,540,35,60,115,"24,835",0,30,0,"7,760","2,290",0,0,"1,995",0,65,0,"3,905",15,0,"7,630",275,0,0,0,0,0,"6,205",0,30,5,"3,335",235,15,0,0,0,0,0,0,0,0,0,0,0,0,0,"7,105",0,"17,725",860,0,"1,135",175,0,"3,730",470,0,"7,160","6,850",0,160,"2,030",0,0,0,0,0,0,0,0,455,"66,740","662,680",0,0,255,15,90,5,135,5,175,130,0,0,0,0,0,110,25,25,10,170,235,155,155,180,"2,800"
733-Richmond upon Thames,"1,800","1,845",350,290,295,110,5,5,5,0,610,65,35,115,25,225,10,115,40,100,225,500,100,195,155,700,400,200,375,430,35,35,90,"24,730",190,185,210,"6,800","4,405","2,240",50,"1,550",0,5,80,"2,235",0,110,"7,125",180,110,0,0,0,0,695,0,0,35,545,0,0,0,0,0,0,0,0,0,0,50,0,0,0,0,"10,725",315,"13,690",645,0,905,485,0,"1,745",50,"1,190","5,885","1,690",0,"1,330","3,750",50,0,0,305,..,..,..,..,330,"8,385","374,570",860,10,110,5,25,5,220,5,15,20,..,240,..,..,0,190,80,55,20,380,..,..,..,"1,115",0
734-Sutton,"2,275","1,750",255,55,190,140,5,30,10,20,690,80,55,100,30,30,20,190,175,75,195,750,180,0,140,"1,055",440,0,335,345,20,30,170,"20,280",0,255,900,"6,575","3,545","1,935",365,"1,210",0,15,260,"1,625",0,95,"10,075",465,190,0,0,0,0,570,0,0,50,780,25,0,15,0,0,0,0,50,0,50,0,165,0,140,0,"7,975",350,"11,955",850,0,360,245,0,"1,380",155,0,"9,920",285,0,730,"8,790",440,0,45,"1,005",155,0,0,"3,380",415,"34,130","763,845",600,10,65,80,0,55,30,0,10,190,0,0,0,0,0,85,20,15,5,125,"1,645",125,635,0,0
735-Waltham Forest,"2,820","1,610",525,350,330,305,30,25,5,10,"1,105",80,0,160,20,75,40,30,140,85,280,755,170,245,360,865,370,245,640,..,..,..,..,"22,095",..,..,..,"7,220",..,..,..,"1,690",..,..,..,"2,885",..,..,"11,345",..,..,520,0,0,0,155,0,0,0,0,0,0,0,0,0,0,0,0,0,0,0,0,0,0,0,"5,770","5,740","10,585",390,0,"1,300",0,0,"2,885",0,900,"10,445",..,..,..,..,..,..,..,..,..,..,..,..,355,"56,325","405,000",..,..,125,0,0,15,60,0,100,70,..,..,..,..,..,..,..,..,..,..,..,..,..,0,"1,660"
803-Isle of Wight UA,"3,015","3,360",315,70,315,120,45,5,5,0,665,55,5,115,20,25,35,25,50,265,415,600,120,85,185,705,200,90,600,..,..,..,..,"37,365",..,..,..,..,..,..,..,965,..,..,..,"1,980",..,..,"6,605",..,..,0,0,0,0,0,0,0,0,0,0,0,0,0,0,0,0,0,0,0,0,0,0,0,0,"5,320","1,815","30,235",265,0,700,50,0,"1,925",0,325,"6,280",..,..,..,..,..,..,..,..,..,..,..,..,225,"29,330","351,195",..,..,240,100,0,5,35,5,20,45,..,..,..,..,0,260,35,50,60,..,..,..,..,470,0
805-Surrey,"10,910","6,295",910,"1,855","1,840","1,160",160,235,170,0,"7,830",350,160,720,120,0,195,385,710,520,"1,435","3,890",270,0,765,"4,740","1,140",0,"2,200","3,035",205,55,"1,160","158,880",..,..,..,..,..,..,..,"10,080",..,..,..,"3,145",..,..,"62,685",..,..,0,0,0,0,0,0,0,0,0,0,0,0,0,0,0,0,"1,355",0,510,0,485,0,60,0,"63,715","9,350","85,815","4,160",0,"5,920",575,0,"2,565",560,"4,225","57,900",..,..,..,..,300,90,315,"1,345",..,..,..,..,"2,430","229,415","3,105,290",..,..,135,150,70,85,0,0,665,310,..,..,..,..,0,595,200,150,50,..,"6,840","2,260","2,370",0,0
807-West Sussex,"13,655","14,580","1,795","2,435",695,940,670,125,5,125,"5,325",215,95,495,50,10,140,600,785,265,900,"1,780",460,890,460,"2,660","1,355","1,010","1,360",..,..,..,..,"126,760",..,..,..,..,..,..,..,"6,300",..,..,..,"5,915",..,..,"27,905",..,..,0,0,0,0,"8,905",0,105,0,"3,700",0,35,0,0,0,0,0,"1,270",0,315,"1,935",0,0,0,0,"42,965","2,855","80,940","1,845",0,"4,450",645,0,"5,270","1,720","3,150","23,035",..,..,..,..,..,..,..,..,..,..,..,..,"1,065","84,720","1,303,085",..,..,385,135,75,20,5,0,440,520,..,..,..,..,0,80,30,30,5,..,..,..,..,125,"5,940"
809-Dorset,"7,005","7,465","1,120",445,880,650,"1,575",100,195,15,"4,750",155,200,365,15,45,100,35,265,210,675,"1,715",690,0,230,"1,920","1,200",0,905,"1,130",55,25,230,"77,345",615,670,"1,315","13,885","3,935",795,0,"2,340",10,25,60,"1,865",5,5,"13,540",120,75,"1,585",0,0,0,70,0,0,0,10,55,0,0,0,0,0,0,0,0,0,0,55,0,0,0,"16,135","14,805","46,405",565,0,"1,775",180,0,"1,685",320,"1,220","12,005","1,765",505,345,"6,435",270,195,50,"1,625",0,0,0,0,80,"135,145","589,125","2,820",10,700,5,235,10,45,0,475,95,20,35,45,0,0,25,10,5,0,45,"3,905",85,285,0,0
810-Bournemouth UA,"2,880","4,480",385,180,225,255,65,40,0,5,"1,860",90,45,90,15,45,30,20,105,90,210,615,250,15,100,740,445,15,305,..,..,..,..,"43,350",..,..,..,..,..,..,..,"1,545",..,..,..,880,..,..,"6,890",..,..,0,0,0,0,0,0,0,0,0,0,0,0,0,0,0,0,0,0,0,0,0,0,0,0,"8,040",665,"34,640",330,0,"1,215",0,0,880,0,995,"5,895",..,..,..,..,..,..,..,..,..,..,..,..,240,"42,950","433,780",..,..,270,5,50,0,40,0,100,45,..,..,..,..,0,35,15,5,5,..,..,..,..,155,0
811-Poole UA,"3,580","4,965",455,285,240,295,30,15,0,0,"1,500",75,25,115,20,90,10,85,165,85,215,630,175,0,95,810,455,0,310,435,20,10,50,"21,725",..,..,..,..,..,..,..,805,..,..,..,490,..,..,"2,525",..,..,0,0,0,0,210,0,0,0,0,0,0,0,0,0,0,0,955,160,35,100,0,0,0,0,"4,955",0,"16,770",320,0,485,75,0,415,50,0,"2,475",..,..,..,..,..,..,..,..,..,..,..,..,350,"39,125","616,660",..,..,155,35,15,0,10,90,145,20,..,..,..,..,0,15,0,5,0,..,..,..,..,0,0
812-Hampshire,"29,265","22,830","3,340","2,845","1,245","1,365","2,250",150,0,145,"12,695",800,210,550,265,140,35,"1,030",835,430,"1,010","5,965","1,065",0,365,"8,090","2,255",0,"1,380","3,870",150,125,840,"221,995","3,015","2,820","1,810","25,145","14,020","4,155",380,"8,620",80,255,305,"6,840",35,130,"45,480","1,410","1,255",445,0,0,0,"8,670",5,15,0,"7,235",105,80,0,0,0,0,5,350,50,0,"3,775",45,0,0,80,"99,195","27,755","95,045","3,770",560,"4,295","1,360",40,"5,440","1,025","3,625","40,835",..,..,..,..,30,15,10,125,..,..,..,..,"4,280","255,630","6,405,570","6,120",520,640,"1,245",145,135,45,105,645,480,0,0,280,0,0,25,10,10,10,55,"63,720",370,415,"4,135",0
813-Portsmouth UA,"3,825","4,560",810,890,540,405,995,30,5,5,"1,640",125,30,75,30,0,0,125,170,55,135,945,195,195,80,"1,230",395,195,210,540,25,70,115,"25,895",735,270,510,"11,975","4,615","1,035",105,"1,625",20,40,230,"4,505",0,0,"7,240",505,70,"1,205",260,0,60,0,0,0,0,0,0,0,0,0,0,0,0,0,0,0,0,0,0,0,0,"9,505","6,325","10,065",485,435,710,260,0,"4,245",220,565,"6,460","4,195",0,120,"5,340",110,130,300,"1,575",5,0,5,125,360,"14,175","788,870",900,0,140,35,40,0,0,0,150,120,0,0,0,0,0,30,10,20,10,15,0,385,"1,310","1,370",0
814-Southampton UA,"7,365","9,305","1,575","2,495","1,030",470,800,15,60,95,"2,190",275,45,210,155,25,25,230,305,55,290,"1,990",360,250,115,"2,730",730,275,405,..,..,..,..,"37,585",..,..,..,..,..,..,..,"1,690",..,..,..,"2,290",..,..,"6,595",..,..,710,0,0,0,0,0,0,0,0,0,0,0,0,0,0,0,0,0,0,"1,045",0,0,0,0,"14,365","5,265","17,955",495,0,"1,200",0,0,"2,290",0,270,"6,325","5,095",..,..,..,..,..,..,..,..,..,..,..,580,"127,665","708,695",..,..,50,385,30,25,120,30,235,80,..,..,..,..,0,95,15,20,20,150,..,..,..,0,"1,285"
815-East Sussex,"14,560","22,555","4,455","1,565","1,875","1,030",655,40,90,75,"5,875",290,125,515,80,30,145,45,360,115,790,"2,130",615,850,760,"2,560","1,140",920,"1,555","2,250",145,95,460,"120,945",810,"1,610","3,395","18,205","7,875","5,225",700,"7,145",0,115,980,"6,925",5,640,"28,595",785,325,0,0,0,0,0,0,0,0,0,0,0,0,0,0,0,0,0,0,0,0,0,0,0,0,"48,810","3,125","69,010","2,090",0,"5,055",715,0,"6,215",435,"1,250","26,910",..,..,..,..,860,815,860,"4,635",45,50,150,310,"1,125","76,080","1,400,365","1,495",5,560,120,0,120,0,30,300,155,..,..,..,..,0,"1,130",465,360,115,25,..,"4,455","3,615","4,100",0
816-Brighton and Hove UA,"3,280","2,180",485,200,405,515,25,65,5,15,"1,450",210,45,155,45,45,20,160,165,95,270,830,210,95,75,"1,245",465,120,345,..,..,..,..,"52,020",..,..,..,..,..,..,..,"2,545",..,..,..,"4,735",..,..,"12,895",..,..,0,0,0,0,0,0,0,0,0,0,0,0,0,0,0,0,0,0,0,0,0,0,0,0,"21,360","3,840","26,820",955,0,"1,590",705,0,"4,025",305,"1,345","11,245",..,..,..,..,..,..,..,..,..,..,..,..,630,"69,765","682,575",..,..,210,55,50,10,0,60,140,110,..,..,..,..,10,250,45,5,0,..,..,..,..,"1,620",0
817-Wiltshire UA,"12,880","13,800","1,580","1,375","1,060","1,445","2,035",65,25,45,"7,205",270,30,225,135,20,10,250,465,130,375,"1,515",265,0,395,"2,185",785,0,770,"1,535",75,110,315,"77,255",460,215,0,"17,330","7,700",35,5,"3,740",0,45,0,"5,815",10,0,"16,290",995,0,0,0,0,0,0,0,0,0,0,0,0,0,0,0,0,0,50,0,455,0,10,0,0,0,"29,600",105,"47,550","1,155",0,"2,585",685,0,"5,130",225,"1,560","14,505","2,580",315,590,"9,370",475,55,255,645,..,..,..,..,645,"96,270","1,670,865",..,45,30,235,0,30,0,15,190,115,..,..,..,..,0,210,115,200,190,..,..,..,..,0,0
819-Swindon UA,"3,660","10,095",420,765,225,515,990,30,0,0,"2,335",130,70,90,30,95,0,180,200,50,140,775,250,0,55,"1,115",615,0,195,560,20,45,210,"27,040",990,10,315,"8,130","3,480",870,280,825,55,40,55,"2,210",0,105,"10,540",15,750,265,0,0,0,705,0,0,0,705,0,0,0,0,0,0,0,0,0,0,0,105,0,0,210,"10,425","4,240","12,375",185,15,625,120,10,"2,080",375,0,"10,165","4,810",150,905,"3,800",..,..,..,..,..,..,..,..,500,"29,110","760,675",245,..,185,15,35,25,0,0,85,140,0,0,0,0,0,45,10,10,5,70,0,35,110,0,0
820-Kent,"30,440","27,610","3,085","4,025","3,800","4,050","4,865",180,270,0,"18,220","1,130",400,995,220,15,175,530,"1,210",765,"1,940","6,470",895,735,940,"8,345","2,525",790,"2,880","4,330",280,245,"1,290","272,540","5,375","5,860","9,330","72,955","16,970","10,445",0,"14,210",0,340,570,"8,505",0,0,"64,825","3,070",230,0,0,0,0,0,0,0,0,0,0,0,0,0,0,0,0,0,0,0,0,0,0,0,0,"81,660","18,040","172,840",0,0,"14,210",0,0,"8,505",0,"2,740","62,085","13,755",735,"2,195","17,145",0,105,155,"4,690",0,0,0,0,"2,660","240,770","3,281,810","5,675",10,500,405,40,285,10,15,535,665,20,0,135,5,0,190,65,85,0,340,"23,170",455,385,"5,175",0
821-Medway Towns UA,"4,080","2,560",500,455,565,520,240,30,0,0,"1,895",180,120,195,15,85,30,20,95,185,415,"1,185",430,175,135,"1,400",730,185,550,660,70,35,180,"34,990","1,100","1,180",0,"1,160",260,"1,495",245,"3,130",0,40,0,"1,835",0,0,"10,070",335,0,0,0,0,0,"3,510",55,0,0,"2,425",0,0,0,0,0,0,0,0,0,0,0,0,0,0,0,"12,705","4,395","17,895",805,0,"2,320",0,0,"1,835",410,325,"9,330",..,185,20,"1,295",365,10,0,"1,070",..,..,..,..,515,0,"761,870",..,..,310,120,95,25,85,0,75,20,..,..,..,..,0,30,0,0,0,25,..,..,..,"1,315",0
902-Cornwall UA,"11,345","18,540","3,680","1,880","1,840","1,805","2,615",230,15,40,"8,465",330,85,295,..,..,0,110,615,195,495,"2,585",420,100,220,"3,050","1,640",120,720,"1,495",60,70,375,"82,885",..,..,..,..,..,"3,035",105,"3,050",..,..,..,"1,845",..,..,"18,860",..,..,0,0,0,0,0,0,0,0,0,0,0,0,0,0,0,0,200,130,0,"2,015","2,900",290,0,575,"24,935",0,"57,950","1,090",150,"1,810",0,0,"1,845",270,900,"17,690","1,935",50,..,"7,865",430,400,475,"11,280",0,0,0,0,"1,240","125,750","1,405,155",..,..,145,255,45,50,0,..,455,390,..,..,..,..,5,505,165,105,30,810,..,..,..,225,0
904-Gloucestershire,"8,300","12,845","1,560",710,"1,910","1,165",385,220,20,245,"7,285",185,70,235,95,15,40,605,305,170,450,"1,630",280,"1,300",300,"2,525",670,"1,400",750,"2,070",110,70,455,"104,190",..,..,..,..,..,..,..,"7,200",..,..,..,"3,005",..,..,"24,030",..,..,0,0,0,0,0,0,0,0,0,0,0,0,0,0,0,0,0,0,0,0,0,0,0,0,"42,635","2,890","58,660","1,910","1,560","3,735",325,220,"2,460",720,"1,105","22,205",..,..,..,..,..,..,..,..,..,..,..,..,..,"133,330","2,692,570",..,..,130,195,30,55,15,125,265,65,..,..,..,..,0,125,55,40,25,..,..,..,..,"2,795",0
905-Somerset,"15,655","12,160","1,475","4,235",955,715,5,95,0,45,"3,920",365,115,365,325,15,15,550,370,205,595,"2,855",960,0,255,"4,105","1,470",0,850,"2,080",90,50,285,"111,235",0,"2,410","1,790","9,775","6,480","1,280",550,"4,810",0,455,365,"2,555",5,0,"15,560","1,445",175,0,0,0,0,0,0,0,0,0,0,0,0,0,0,0,0,0,0,0,0,0,0,0,0,"50,610",715,"59,910","2,075",20,"2,715",300,0,"2,255",315,"5,555","9,690",0,0,0,0,0,0,0,0,"16,490","2,640","6,000","1,335","1,360","389,740","1,664,830",0,0,65,710,5,145,0,40,365,55,15,0,340,5,0,5,0,0,0,5,0,..,..,0,0
906-Isles of Scilly UA,25,20,0,0,0,0,0,0,0,0,25,0,0,0,0,0,0,0,0,0,0,5,0,10,10,5,0,10,0,5,0,0,0,155,0,0,0,55,0,0,0,0,0,0,0,50,0,0,50,0,0,275,0,0,0,0,0,0,0,0,0,0,0,0,0,0,0,0,0,0,0,0,0,0,0,0,105,50,0,0,0,0,50,0,0,0,50,0,0,0,50,0,0,0,0,35,0,0,0,0,"2,340",0,0,0,0,0,0,0,0,0,0,0,0,0,0,0,0,5,5,0,0,0,0,5,5,75,25
908-Bath and Somerset UA,"2,390","2,650",385,"1,900",390,265,920,10,5,10,"2,040",115,35,80,80,155,40,130,130,70,190,625,80,260,85,955,265,265,270,635,25,20,105,"33,110",0,405,0,"5,905","5,995",670,200,"1,255",0,85,0,"1,100",0,0,"6,175",20,0,590,0,0,0,830,0,0,0,735,0,0,0,0,0,0,0,295,0,0,"1,725",50,0,0,50,"17,910","1,990","13,210",565,15,675,110,0,990,230,55,"5,890","5,970",230,"2,170","2,025",0,0,0,400,385,125,345,90,385,"108,615","268,580",385,0,35,45,35,30,115,125,115,100,0,90,0,10,0,65,25,20,5,115,..,310,"1,265",0,"1,010"
909-Bristol UA,"5,020","4,570",555,"1,240",430,535,"2,330",140,10,30,"2,815",290,85,365,40,20,25,65,255,95,490,"1,920",380,490,190,"2,330",745,525,680,"1,250",80,100,225,"71,345","1,160","2,785",0,"13,125","7,480","4,075","1,195","3,745",0,190,0,"5,600",115,0,"20,605","1,160",0,"2,840",0,0,0,605,25,10,0,755,0,0,0,0,0,0,0,0,0,0,0,0,0,0,0,"31,465","14,335","25,545","1,565",0,"2,180","1,500",0,"4,100","1,635",575,"18,400",..,..,..,..,..,..,..,..,..,..,..,..,885,"239,765","1,045,955",..,..,220,145,0,50,0,25,290,90,..,..,..,..,0,105,45,20,0,..,..,..,..,0,"2,800"
910-North Somerset UA,"4,375","5,230","1,050","1,140",685,230,"1,105",15,20,0,"1,800",180,25,90,15,10,5,60,120,75,175,750,150,450,65,"1,035",305,495,240,930,45,70,195,"49,405",200,"1,285",425,"11,920","6,070","2,620",520,"1,925",0,60,55,"3,080",10,110,"8,930",205,110,0,0,0,0,0,0,0,0,0,0,0,0,0,0,0,0,0,0,0,0,0,0,0,0,"18,550",0,"30,860",825,0,"1,105",425,0,"2,655",515,0,"8,415",..,..,..,..,..,..,..,..,..,..,..,..,345,"21,860","518,305",..,..,75,165,0,30,0,15,0,175,..,..,..,..,0,130,55,45,15,105,"1,615",100,255,0,"2,135"
911-South Gloucestershire UA,"4,485","3,385",590,170,335,255,135,15,5,0,"1,205",90,115,230,10,105,20,5,220,140,395,790,495,0,165,895,630,0,565,625,35,15,155,"35,835",..,610,805,"7,810","4,605","2,045",55,"1,450",..,5,70,715,5,40,"8,060",180,205,"1,740",0,0,0,85,0,0,0,35,0,0,0,0,0,0,0,"3,285",0,0,"3,005",275,0,0,210,"13,535","5,100","17,205","1,090",0,360,195,0,520,285,0,"7,780","7,325",485,"1,395","7,555",0,0,45,415,..,..,..,..,300,"85,195","481,670",..,5,280,390,15,130,0,85,70,240,..,..,..,..,0,70,20,10,5,55,..,..,..,0,"1,815"
912-Devon,"13,485","14,440","1,010","2,665","1,315","2,000","1,030",130,10,45,"10,950",500,385,465,45,65,25,80,"1,025",330,825,"4,045","1,260",830,615,"4,680","2,750",885,"1,440","2,685",125,150,460,"148,945","3,010","2,675","2,350","48,620","8,720","7,505",640,"6,595",160,205,310,"8,090",90,710,"25,045","1,040",80,"1,590",0,0,0,"16,655",100,105,105,"3,705",65,0,0,0,0,0,0,0,0,0,0,0,0,0,0,"25,260","25,305","98,375","1,855",220,"4,520",640,0,"7,450",285,775,"23,980",..,..,..,..,..,..,..,..,..,..,..,..,"1,360","120,295","1,625,380",..,..,740,640,90,295,10,65,835,840,..,..,..,..,180,860,270,0,0,..,..,..,..,"3,960",0
913-Plymouth UA,"4,935","3,605",750,95,440,505,30,40,90,40,"1,925",235,85,195,25,5,30,315,250,130,375,"1,370",245,255,180,"1,965",590,255,555,..,..,..,..,"31,410",..,..,..,..,..,..,..,"1,800",..,..,..,"1,130",..,..,"8,030",..,..,105,0,0,0,"2,955",15,0,0,750,50,0,0,0,0,0,0,0,0,0,0,0,0,0,0,"8,600","2,055","20,755",610,0,"1,190",105,0,"1,025",75,465,"7,490",..,..,..,..,..,..,..,..,..,..,..,..,615,"65,150","683,140",..,..,20,330,65,35,0,5,125,190,..,..,..,..,0,270,95,75,25,..,"3,225",90,720,0,"1,785"
914-Torbay UA,"4,675","4,925",575,790,335,290,310,20,5,55,"1,380",140,15,150,70,5,10,85,200,120,270,540,185,135,160,855,400,145,430,565,20,65,110,"30,590",0,715,"1,120","9,230",325,"1,545",0,"1,420",0,85,165,"3,745",140,180,"6,785",350,10,0,0,0,0,"9,610",30,135,50,"1,170",95,0,0,0,0,0,0,0,0,0,0,0,0,0,0,"3,905",0,"26,685",425,0,995,0,0,"3,745",5,600,"6,180",..,..,..,..,..,..,..,..,..,..,..,..,190,"11,330","686,985",..,..,70,165,0,15,0,5,125,75,..,..,..,..,10,175,35,25,5,..,..,..,..,"1,015",0
TOTAL England,"1,008,190","1,076,110","156,005","139,195","106,570","85,255","85,955","11,615","6,145","5,315","417,760","30,970","9,905","34,175","11,915","12,415","6,990","28,670","43,425","24,025","65,805","224,745","53,605","36,135","42,050","298,920","118,680","38,800","108,105",..,..,..,..,"9,029,485",..,..,..,..,..,..,..,"451,430",..,..,..,"535,710",..,..,"1,715,035",..,..,"73,350",475,85,745,"364,345","3,265","4,140","8,695","128,360","2,705",910,390,"4,645",5,0,"1,410","30,540","4,900","8,105","52,730","29,775","3,350","3,435","2,970","2,711,230","628,215","5,690,045","170,770","8,260","272,400","98,275","5,670","431,770","79,970","112,085","1,522,980",..,..,..,..,..,..,..,..,..,..,..,..,"119,600","20,302,060","167,904,055",..,..,"37,130","31,075","6,565","5,800","6,820","9,620","33,710","22,465",..,..,..,..,365,"37,670","11,170","7,850","3,285",..,..,..,..,"165,320","73,990"
,,,,,,,,,,,,,,,,,,,,,,,,,,,,,,,,,,,,,,,,,,,,,,,,,,,,,,,,,,,,,,,,,,,,,,,,,,,,,,,,,,,,,,,,,,,,,,,,,,,,,,,,,,,,,,,,,,,,,,,,,,,,,,,
Note:,,,,,,,,,,,,,,,,,,,,,,,,,,,,,,,,,,,,,,,,,,,,,,,,,,,,,,,,,,,,,,,,,,,,,,,,,,,,,,,,,,,,,,,,,,,,,,,,,,,,,,,,,,,,,,,,,,,,,,,,,,,,,,,
.. means data not available,,,,,,,,,,,,,,,,,,,,,,,,,,,,,,,,,,,,,,,,,,,,,,,,,,,,,,,,,,,,,,,,,,,,,,,,,,,,,,,,,,,,,,,,,,,,,,,,,,,,,,,,,,,,,,,,,,,,,,,,,,,,,,,
All data is rounded to the nearest 5.,,,,,,,,,,,,,,,,,,,,,,,,,,,,,,,,,,,,,,,,,,,,,,,,,,,,,,,,,,,,,,,,,,,,,,,,,,,,,,,,,,,,,,,,,,,,,,,,,,,,,,,,,,,,,,,,,,,,,,,,,,,,,,,
,,,,,,,,,,,,,,,,,,,,,,,,,,,,,,,,,,,,,,,,,,,,,,,,,,,,,,,,,,,,,,,,,,,,,,,,,,,,,,,,,,,,,,,,,,,,,,,,,,,,,,,,,,,,,,,,,,,,,,,,,,,,,,,
,,,,,,,,,,,,,,,,,,,,,,,,,,,,,,,,,,,,,,,,,,,,,,,,,,,,,,,,,,,,,,,,,,,,,,,,,,,,,,,,,,,,,,,,,,,,,,,,,,,,,,,,,,,,,,,,,,,,,,,,,,,,,,,
"Copyright  2013, The Health and Social Care Information Centre.  All Rights Reserved.",,,,,,,,,,,,,,,,,,,,,,,,,,,,,,,,,,,,,,,,,,,,,,,,,,,,,,,,,,,,,,,,,,,,,,,,,,,,,,,,,,,,,,,,,,,,,,,,,,,,,,,,,,,,,,,,,,,,,,,,,,,,,,,
